年月,項目別,累計實徵數／本年度（金額元）,累計實徵數／以前年度（金額元）,累計退還以前年度收入數（金額元）,累計實徵淨額（金額元）,全年預算數（金額元）,累計實徵淨額占全年預算數（％）,同期分配預算數（金額元）,累計實徵淨額占同期分配預算數（％）,上年同期實徵淨額（金額元）,累計實徵淨額與上年同期實徵淨額比較（％）
10901,一、稅捐收入,1856287963,340474106,120062789,2076699280,73331000000,2.8,2845655000,73.0,2725788477,-23.8
10901,1.地價稅,2758476,87101128,23831727,66027877,27791000000,0.2,116722000,56.6,86295628,-23.5
10901,2.田賦,0,0,0,0,0,--,0,--,0,--
10901,3.土地增值稅,927814740,174859087,87150597,1015523230,16200000000,6.3,1720440000,59.0,1571293801,-35.4
10901,4.房屋稅,18281591,17004094,4241632,31044053,15340000000,0.2,30680000,101.2,29955747,3.6
10901,5.使用牌照稅,94343681,13876790,4105295,104115176,7500000000,1.4,133095000,78.2,133282789,-21.9
10901,6.契稅,82784957,23554218,315457,106023718,1540000000,6.9,146278000,72.5,152497380,-30.5
10901,7.印花稅,712487914,23119560,348462,735259012,4700000000,15.6,673524000,109.2,727588084,1.1
10901,8.娛樂稅,17816604,959229,69619,18706214,260000000,7.2,24916000,75.1,24875048,-24.8
10901,9.特別及臨時稅課,0,0,0,0,0,--,0,--,0,--
10901,(1)特別稅,0,0,0,0,0,--,0,--,0,--
10901,營建剩餘土石方,0,0,0,0,0,--,0,--,0,--
10901,土石採取,0,0,0,0,0,--,0,--,0,--
10901,礦石開採,0,0,0,0,0,--,0,--,0,--
10901,(2)臨時稅,0,0,0,0,0,--,0,--,0,--
10901,營建剩餘土石方,0,0,0,0,0,--,0,--,0,--
10901,土石採取 ,0,0,0,0,0,--,0,--,0,--
10901,10.教育捐,0,0,0,0,0,--,0,--,0,--
10901,(1)房屋稅附徵,0,0,0,0,0,--,0,--,0,--
10901,(2)娛樂稅附徵,0,0,0,0,0,--,0,--,0,--
10901,(3)契稅附徵,0,0,0,0,0,--,0,--,0,--
10901,二、罰鍰  ,177560,6962542,1861002,5279100,93000000,5.7,6841000,77.2,11183386,-52.8
10901,1.財務罰鍰,110996,1768260,119230,1760026,36000000,4.9,3295000,53.4,3447890,-49.0
10901,2.罰金罰鍰,66564,5194282,1741772,3519074,57000000,6.2,3546000,99.2,7735496,-54.5
10902,一、稅捐收入,3942500428,431646787,167703136,4206444079,73331000000,5.7,4104556000,102.5,3994270863,5.3
10902,1.地價稅,8484683,132529377,33990506,107023554,27791000000,0.4,136176000,78.6,103412556,3.5
10902,2.田賦,0,0,0,0,0,--,0,--,0,--
10902,3.土地增值稅,2660669875,191160487,122501400,2729328962,16200000000,16.8,2687580000,101.6,2564343801,6.4
10902,4.房屋稅,38896720,23575163,4786930,57684953,15340000000,0.4,47554000,121.3,46014198,25.4
10902,5.使用牌照稅,174706813,29654643,4815337,199546119,7500000000,2.7,205746000,97.0,206036581,-3.2
10902,6.契稅,210746985,23879950,1008685,233618250,1540000000,15.2,239034000,97.7,226242859,3.3
10902,7.印花稅,810041949,29554263,522416,839073796,4700000000,17.9,745277000,112.6,805100773,4.2
10902,8.娛樂稅,38953403,1292904,77862,40168445,260000000,15.4,43189000,93.0,43117856,-6.8
10902,9.特別及臨時稅課,0,0,0,0,0,--,0,--,0,--
10902,(1)特別稅,0,0,0,0,0,--,0,--,0,--
10902,營建剩餘土石方,0,0,0,0,0,--,0,--,0,--
10902,土石採取,0,0,0,0,0,--,0,--,0,--
10902,礦石開採,0,0,0,0,0,--,0,--,0,--
10902,(2)臨時稅,0,0,0,0,0,--,0,--,0,--
10902,營建剩餘土石方,0,0,0,0,0,--,0,--,0,--
10902,土石採取 ,0,0,0,0,0,--,0,--,0,--
10902,10.教育捐,0,0,0,0,0,--,0,--,2239,--
10902,(1)房屋稅附徵,0,0,0,0,0,--,0,--,2239,--
10902,(2)娛樂稅附徵,0,0,0,0,0,--,0,--,0,--
10902,(3)契稅附徵,0,0,0,0,0,--,0,--,0,--
10902,二、罰鍰  ,992225,13893454,2193440,12692239,93000000,13.6,12162000,104.4,16380695,-22.5
10902,1.財務罰鍰,814588,3924619,142045,4597162,36000000,12.8,5366000,85.7,5726281,-19.7
10902,2.罰金罰鍰,177637,9968835,2051395,8095077,57000000,14.2,6796000,119.1,10654414,-24.0
10903,一、稅捐收入,6785889553,549041663,227038227,7107892989,73331000000,9.7,6768684000,105.0,6510882409,9.2
10903,1.地價稅,25225424,193997737,71231262,147991899,27791000000,0.5,230665000,64.2,140183390,5.6
10903,2.田賦,0,0,0,0,0,--,0,--,0,--
10903,3.土地增值稅,4219617342,222802915,142156191,4300264066,16200000000,26.5,3978720000,108.1,3733183722,15.2
10903,4.房屋稅,65799064,30571837,6269565,90101336,15340000000,0.6,69030000,130.5,67057012,34.4
10903,5.使用牌照稅,478312605,43235491,5054015,516494081,7500000000,6.9,639087000,80.8,639987683,-19.3
10903,6.契稅,378239132,23882914,1109106,401012940,1540000000,26.0,371808000,107.9,337929760,18.7
10903,7.印花稅,1561554548,33070717,1124580,1593500685,4700000000,33.9,1411196000,112.9,1524473331,4.5
10903,8.娛樂稅,57141438,1480052,79315,58542175,260000000,22.5,68178000,85.9,68065272,-14.0
10903,9.特別及臨時稅課,0,0,0,0,0,--,0,--,0,--
10903,(1)特別稅,0,0,0,0,0,--,0,--,0,--
10903,營建剩餘土石方,0,0,0,0,0,--,0,--,0,--
10903,土石採取,0,0,0,0,0,--,0,--,0,--
10903,礦石開採,0,0,0,0,0,--,0,--,0,--
10903,(2)臨時稅,0,0,0,0,0,--,0,--,0,--
10903,營建剩餘土石方,0,0,0,0,0,--,0,--,0,--
10903,土石採取 ,0,0,0,0,0,--,0,--,0,--
10903,10.教育捐,0,0,14193,-14193,0,--,0,--,2239,--
10903,(1)房屋稅附徵,0,0,14193,-14193,0,--,0,--,2239,--
10903,(2)娛樂稅附徵,0,0,0,0,0,--,0,--,0,--
10903,(3)契稅附徵,0,0,0,0,0,--,0,--,0,--
10903,二、罰鍰  ,1980947,20159843,3031068,19109722,93000000,20.5,20366000,93.8,26069908,-26.7
10903,1.財務罰鍰,1654936,5941262,145590,7450608,36000000,20.7,8667000,86.0,9357252,-20.4
10903,2.罰金罰鍰,326011,14218581,2885478,11659114,57000000,20.5,11699000,99.7,16712656,-30.2
10904,一、稅捐收入,12151017804,654999221,263109930,12542907095,73331000000,17.1,12248232000,102.4,12497209404,0.4
10904,1.地價稅,38615646,237478062,91883463,184210245,27791000000,0.7,277910000,66.3,212999865,-13.5
10904,2.田賦,0,0,0,0,0,--,0,--,0,--
10904,3.土地增值稅,5584779889,263053298,153857616,5693975571,16200000000,35.1,5375160000,105.9,5603303288,1.6
10904,4.房屋稅,344911143,37257245,8665084,373503304,15340000000,2.4,458666000,81.4,442119429,-15.5
10904,5.使用牌照稅,3924949066,55252804,6108788,3974093082,7500000000,53.0,4001422000,99.3,4007058738,-0.8
10904,6.契稅,505560019,23893540,1368049,528085510,1540000000,34.3,488759000,108.0,460677802,14.6
10904,7.印花稅,1686518604,36369361,1124580,1721763385,4700000000,36.6,1555775000,110.7,1680657324,2.4
10904,8.娛樂稅,65683437,1694567,79315,67298689,260000000,25.9,90540000,74.3,90390719,-25.5
10904,9.特別及臨時稅課,0,0,0,0,0,--,0,--,0,--
10904,(1)特別稅,0,0,0,0,0,--,0,--,0,--
10904,營建剩餘土石方,0,0,0,0,0,--,0,--,0,--
10904,土石採取,0,0,0,0,0,--,0,--,0,--
10904,礦石開採,0,0,0,0,0,--,0,--,0,--
10904,(2)臨時稅,0,0,0,0,0,--,0,--,0,--
10904,營建剩餘土石方,0,0,0,0,0,--,0,--,0,--
10904,土石採取 ,0,0,0,0,0,--,0,--,0,--
10904,10.教育捐,0,344,23035,-22691,0,--,0,--,2239,--
10904,(1)房屋稅附徵,0,344,23035,-22691,0,--,0,--,2239,--
10904,(2)娛樂稅附徵,0,0,0,0,0,--,0,--,0,--
10904,(3)契稅附徵,0,0,0,0,0,--,0,--,0,--
10904,二、罰鍰  ,3841017,26512941,3923182,26430776,93000000,28.4,27298000,96.8,34367611,-23.1
10904,1.財務罰鍰,3404482,8511851,150150,11766183,36000000,32.7,11532000,102.0,12509074,-5.9
10904,2.罰金罰鍰,436535,18001090,3773032,14664593,57000000,25.7,15766000,93.0,21858537,-32.9
10905,一、稅捐收入,24235443121,742086550,295030413,24682499258,73331000000,33.7,26184626000,94.3,26056899534,-5.3
10905,1.地價稅,51300704,270529141,103248980,218580865,27791000000,0.8,325155000,67.2,173501503,26.0
10905,2.田賦,0,0,0,0,0,--,0,--,0,--
10905,3.土地增值稅,7016773350,290480926,171375346,7135878930,16200000000,44.0,6862320000,104.0,7051160997,1.2
10905,4.房屋稅,7890258986,43484158,10709071,7923034073,15340000000,51.6,9246952000,85.7,8902857089,-11.0
10905,5.使用牌照稅,6149600183,63964772,6743057,6206821898,7500000000,82.8,6742221000,92.1,6751718513,-8.1
10905,6.契稅,623761261,23905600,1721863,645944998,1540000000,41.9,650979000,99.2,640705073,0.8
10905,7.印花稅,2433690713,47849067,1124580,2480415200,4700000000,52.8,2244182000,110.5,2424322717,2.3
10905,8.娛樂稅,70057924,1872542,84481,71845985,260000000,27.6,112817000,63.7,112631403,-36.2
10905,9.特別及臨時稅課,0,0,0,0,0,--,0,--,0,--
10905,(1)特別稅,0,0,0,0,0,--,0,--,0,--
10905,營建剩餘土石方,0,0,0,0,0,--,0,--,0,--
10905,土石採取,0,0,0,0,0,--,0,--,0,--
10905,礦石開採,0,0,0,0,0,--,0,--,0,--
10905,(2)臨時稅,0,0,0,0,0,--,0,--,0,--
10905,營建剩餘土石方,0,0,0,0,0,--,0,--,0,--
10905,土石採取 ,0,0,0,0,0,--,0,--,0,--
10905,10.教育捐,0,344,23035,-22691,0,--,0,--,2239,--
10905,(1)房屋稅附徵,0,344,23035,-22691,0,--,0,--,2239,--
10905,(2)娛樂稅附徵,0,0,0,0,0,--,0,--,0,--
10905,(3)契稅附徵,0,0,0,0,0,--,0,--,0,--
10905,二、罰鍰  ,11364176,31849243,4491029,38722390,93000000,41.6,38274000,101.2,48276878,-19.8
10905,1.財務罰鍰,4915502,10201214,184341,14932375,36000000,41.5,15308000,97.5,16662668,-10.4
10905,2.罰金罰鍰,6448674,21648029,4306688,23790015,57000000,41.7,22966000,103.6,31614210,-24.7
10906,一、稅捐收入,31930418731,816405923,325436894,32421387760,73331000000,44.2,33569733000,96.6,33271664854,-2.6
10906,1.地價稅,59105654,294936972,112440245,241602381,27791000000,0.9,347388000,69.5,170686621,41.5
10906,2.田賦,0,0,0,0,0,--,0,--,0,--
10906,3.土地增值稅,8064037699,293422235,186522901,8170937033,16200000000,50.4,8156700000,100.2,8383557477,-2.5
10906,4.房屋稅,13773396974,47851517,13831257,13807417234,15340000000,90.0,14979510000,92.2,14422328584,-4.3
10906,5.使用牌照稅,6666972070,72900717,6985450,6732887337,7500000000,89.8,6812061000,98.8,6821656770,-1.3
10906,6.契稅,743826944,23910964,1780589,765957319,1540000000,49.7,791823000,96.7,803268664,-4.6
10906,7.印花稅,2547572150,81408646,3755098,2625225698,4700000000,55.9,2343966000,112.0,2532116265,3.7
10906,8.娛樂稅,75507240,1974528,97454,77384314,260000000,29.8,138285000,56.0,138057285,-43.9
10906,9.特別及臨時稅課,0,0,0,0,0,--,0,--,0,--
10906,(1)特別稅,0,0,0,0,0,--,0,--,0,--
10906,營建剩餘土石方,0,0,0,0,0,--,0,--,0,--
10906,土石採取,0,0,0,0,0,--,0,--,0,--
10906,礦石開採,0,0,0,0,0,--,0,--,0,--
10906,(2)臨時稅,0,0,0,0,0,--,0,--,0,--
10906,營建剩餘土石方,0,0,0,0,0,--,0,--,0,--
10906,土石採取 ,0,0,0,0,0,--,0,--,0,--
10906,10.教育捐,0,344,23900,-23556,0,--,0,--,-6812,--
10906,(1)房屋稅附徵,0,344,23900,-23556,0,--,0,--,-6812,--
10906,(2)娛樂稅附徵,0,0,0,0,0,--,0,--,0,--
10906,(3)契稅附徵,0,0,0,0,0,--,0,--,0,--
10906,二、罰鍰  ,19011129,38651637,4797532,52865234,93000000,56.8,45520000,116.1,57289992,-7.7
10906,1.財務罰鍰,5749656,12322561,199920,17872297,36000000,49.6,17954000,99.5,19573757,-8.7
10906,2.罰金罰鍰,13261473,26329076,4597612,34992937,57000000,61.4,27566000,126.9,37716235,-7.2
10907,一、稅捐收入,36013881372,867362289,345571298,36535672363,73331000000,49.8,36196155000,100.9,36506654173,0.1
10907,1.地價稅,81122734,314339306,119803671,275658369,27791000000,1.0,391854000,70.3,226058266,21.9
10907,2.田賦,0,0,0,0,0,--,0,--,0,--
10907,3.土地增值稅,10492401023,302521548,196919683,10598002888,16200000000,65.4,9598500000,110.4,10348077862,2.4
10907,4.房屋稅,14352482132,49853829,14330698,14388005263,15340000000,93.8,15125240000,95.1,14562515133,-1.2
10907,5.使用牌照稅,6777041402,79739355,7402751,6849378006,7500000000,91.3,6908539000,99.1,6918270588,-1.0
10907,6.契稅,915521321,23903572,3121667,936303226,1540000000,60.8,959373000,97.6,994295612,-5.8
10907,7.印花稅,3312252321,94920498,3871474,3403301345,4700000000,72.4,3052912000,111.5,3297969542,3.2
10907,8.娛樂稅,83060439,2083837,97454,85046822,260000000,32.7,159737000,53.2,159473982,-46.7
10907,9.特別及臨時稅課,0,0,0,0,0,--,0,--,0,--
10907,(1)特別稅,0,0,0,0,0,--,0,--,0,--
10907,營建剩餘土石方,0,0,0,0,0,--,0,--,0,--
10907,土石採取,0,0,0,0,0,--,0,--,0,--
10907,礦石開採,0,0,0,0,0,--,0,--,0,--
10907,(2)臨時稅,0,0,0,0,0,--,0,--,0,--
10907,營建剩餘土石方,0,0,0,0,0,--,0,--,0,--
10907,土石採取 ,0,0,0,0,0,--,0,--,0,--
10907,10.教育捐,0,344,23900,-23556,0,--,0,--,-6812,--
10907,(1)房屋稅附徵,0,344,23900,-23556,0,--,0,--,-6812,--
10907,(2)娛樂稅附徵,0,0,0,0,0,--,0,--,0,--
10907,(3)契稅附徵,0,0,0,0,0,--,0,--,0,--
10907,二、罰鍰  ,23801726,43573132,5336149,62038709,93000000,66.7,53432000,116.1,66296899,-6.4
10907,1.財務罰鍰,7320143,13924826,209647,21035322,36000000,58.4,21866000,96.2,23877077,-11.9
10907,2.罰金罰鍰,16481583,29648306,5126502,41003387,57000000,71.9,31566000,129.9,42419822,-3.3
10908,一、稅捐收入,37947942198,910233231,444104430,38414070999,73331000000,52.4,38041817000,101.0,38780795987,-0.9
10908,1.地價稅,161215709,330386903,209793028,281809584,27791000000,1.0,420921000,67.0,341807899,-17.6
10908,2.田賦,0,0,0,0,0,--,0,--,0,--
10908,3.土地增值稅,11790445496,307093597,203720741,11893818352,16200000000,73.4,11043540000,107.7,12119683533,-1.9
10908,4.房屋稅,14446604026,51746004,14648519,14483701511,15340000000,94.4,15169726000,95.5,14604878009,-0.8
10908,5.使用牌照稅,6851621674,85071528,8799519,6927893683,7500000000,92.4,6980738000,99.2,6990571635,-0.9
10908,6.契稅,1109639385,23909440,3149795,1130399030,1540000000,73.4,1069252000,105.7,1111414352,1.7
10908,7.印花稅,3496280689,109758887,3871474,3602168102,4700000000,76.6,3178059000,113.3,3433162088,4.9
10908,8.娛樂稅,92135219,2266528,97454,94304293,260000000,36.3,179581000,52.5,179285283,-47.4
10908,9.特別及臨時稅課,0,0,0,0,0,--,0,--,0,--
10908,(1)特別稅,0,0,0,0,0,--,0,--,0,--
10908,營建剩餘土石方,0,0,0,0,0,--,0,--,0,--
10908,土石採取,0,0,0,0,0,--,0,--,0,--
10908,礦石開採,0,0,0,0,0,--,0,--,0,--
10908,(2)臨時稅,0,0,0,0,0,--,0,--,0,--
10908,營建剩餘土石方,0,0,0,0,0,--,0,--,0,--
10908,土石採取 ,0,0,0,0,0,--,0,--,0,--
10908,10.教育捐,0,344,23900,-23556,0,--,0,--,-6812,--
10908,(1)房屋稅附徵,0,344,23900,-23556,0,--,0,--,-6812,--
10908,(2)娛樂稅附徵,0,0,0,0,0,--,0,--,0,--
10908,(3)契稅附徵,0,0,0,0,0,--,0,--,0,--
10908,二、罰鍰  ,26439251,48593012,6302372,68729891,93000000,73.9,65250000,105.3,83946790,-18.1
10908,1.財務罰鍰,9081808,15774110,240794,24615124,36000000,68.4,24344000,101.1,26602639,-7.5
10908,2.罰金罰鍰,17357443,32818902,6061578,44114767,57000000,77.4,40906000,107.8,57344151,-23.1
10909,一、稅捐收入,40633597314,936502319,474669563,41095430070,73331000000,56.0,40395265000,101.7,41242383445,-0.4
10909,1.地價稅,255700923,339689512,224498357,370892078,27791000000,1.3,609900000,60.8,357328108,3.8
10909,2.田賦,0,0,0,0,0,--,0,--,0,--
10909,3.土地增值稅,13325590991,310547137,211478767,13424659361,16200000000,82.9,12266640000,109.4,13554408218,-1.0
10909,4.房屋稅,14537019913,53789139,22408175,14568400877,15340000000,95.0,15218814000,95.7,14652272541,-0.6
10909,5.使用牌照稅,6895612025,89543830,9083835,6976072020,7500000000,93.0,7041916000,99.1,7051835811,-1.1
10909,6.契稅,1308328944,23921353,3206369,1329043928,1540000000,86.3,1179179000,112.7,1236974410,7.4
10909,7.印花稅,4206460248,116668907,3872706,4319256449,4700000000,91.9,3875543000,111.4,4186633235,3.2
10909,8.娛樂稅,104884270,2342097,97454,107128913,260000000,41.2,203273000,52.7,202937934,-47.2
10909,9.特別及臨時稅課,0,0,0,0,0,--,0,--,0,--
10909,(1)特別稅,0,0,0,0,0,--,0,--,0,--
10909,營建剩餘土石方,0,0,0,0,0,--,0,--,0,--
10909,土石採取,0,0,0,0,0,--,0,--,0,--
10909,礦石開採,0,0,0,0,0,--,0,--,0,--
10909,(2)臨時稅,0,0,0,0,0,--,0,--,0,--
10909,營建剩餘土石方,0,0,0,0,0,--,0,--,0,--
10909,土石採取 ,0,0,0,0,0,--,0,--,0,--
10909,10.教育捐,0,344,23900,-23556,0,--,0,--,-6812,--
10909,(1)房屋稅附徵,0,344,23900,-23556,0,--,0,--,-6812,--
10909,(2)娛樂稅附徵,0,0,0,0,0,--,0,--,0,--
10909,(3)契稅附徵,0,0,0,0,0,--,0,--,0,--
10909,二、罰鍰  ,30147596,52231911,6651647,75727860,93000000,81.4,69338000,109.2,89298709,-15.2
10909,1.財務罰鍰,11031939,17233428,244163,28021204,36000000,77.8,26666000,105.1,29157656,-3.9
10909,2.罰金罰鍰,19115657,34998483,6407484,47706656,57000000,83.7,42672000,111.8,60141053,-20.7
10910,一、稅捐收入,42876796638,952559402,486822976,43342533064,73331000000,59.1,42441947000,102.1,43697948128,-0.8
10910,1.地價稅,474002859,345853740,229285396,590571203,27791000000,2.1,979520000,60.3,874619766,-32.5
10910,2.田賦,0,0,0,0,0,--,0,--,0,--
10910,3.土地增值稅,14732140132,312313602,217775889,14826677845,16200000000,91.5,13541580000,109.5,15062006271,-1.6
10910,4.房屋稅,14632563781,55750410,22818643,14665495548,15340000000,95.6,15280174000,96.0,14711914463,-0.3
10910,5.使用牌照稅,7118769701,93259799,9582822,7202446678,7500000000,96.0,7147570000,100.8,7157638570,0.6
10910,6.契稅,1477405489,23927155,3364637,1497968007,1540000000,97.3,1293896000,115.8,1373823815,9.0
10910,7.印花稅,4322213379,119077029,3872706,4437417702,4700000000,94.4,3975503000,111.6,4294617206,3.3
10910,8.娛樂稅,119701297,2377323,98983,121979637,260000000,46.9,223704000,54.5,223334849,-45.4
10910,9.特別及臨時稅課,0,0,0,0,0,--,0,--,0,--
10910,(1)特別稅,0,0,0,0,0,--,0,--,0,--
10910,營建剩餘土石方,0,0,0,0,0,--,0,--,0,--
10910,土石採取,0,0,0,0,0,--,0,--,0,--
10910,礦石開採,0,0,0,0,0,--,0,--,0,--
10910,(2)臨時稅,0,0,0,0,0,--,0,--,0,--
10910,營建剩餘土石方,0,0,0,0,0,--,0,--,0,--
10910,土石採取 ,0,0,0,0,0,--,0,--,0,--
10910,10.教育捐,0,344,23900,-23556,0,--,0,--,-6812,--
10910,(1)房屋稅附徵,0,344,23900,-23556,0,--,0,--,-6812,--
10910,(2)娛樂稅附徵,0,0,0,0,0,--,0,--,0,--
10910,(3)契稅附徵,0,0,0,0,0,--,0,--,0,--
10910,二、罰鍰  ,33919396,55053039,7007871,81964564,93000000,88.1,75211000,109.0,96913914,-15.4
10910,1.財務罰鍰,12371485,18530166,252837,30648814,36000000,85.1,29953000,102.3,32773491,-6.5
10910,2.罰金罰鍰,21547911,36522873,6755034,51315750,57000000,90.0,45258000,113.4,64140423,-20.0
10911,一、稅捐收入,60468701672,972834704,498879667,60942656709,73331000000,83.1,59311596000,102.7,60294017764,1.1
10911,1.地價稅,15440133173,352984526,235084951,15558032748,27791000000,56.0,15494759000,100.4,15018199232,3.6
10911,2.田賦,0,0,0,0,0,--,0,--,0,--
10911,3.土地增值稅,16178715411,313429933,222682720,16269462624,16200000000,100.4,14763060000,110.2,16316518245,-0.3
10911,4.房屋稅,14726903010,58147528,23620938,14761429600,15340000000,96.2,15315456000,96.4,14748368804,0.1
10911,5.使用牌照稅,7319605399,96091803,10103413,7405593789,7500000000,98.7,7478508000,99.0,7486536833,-1.1
10911,6.契稅,1665107223,23931829,3391325,1685647727,1540000000,109.5,1433359000,117.6,1502849829,12.2
10911,7.印花稅,5005317263,125829913,3873437,5127273739,4700000000,109.1,4584426000,111.8,4974608882,3.1
10911,8.娛樂稅,132920193,2418828,98983,135240038,260000000,52.0,242028000,55.9,246942751,-45.2
10911,9.特別及臨時稅課,0,0,0,0,0,--,0,--,0,--
10911,(1)特別稅,0,0,0,0,0,--,0,--,0,--
10911,營建剩餘土石方,0,0,0,0,0,--,0,--,0,--
10911,土石採取,0,0,0,0,0,--,0,--,0,--
10911,礦石開採,0,0,0,0,0,--,0,--,0,--
10911,(2)臨時稅,0,0,0,0,0,--,0,--,0,--
10911,營建剩餘土石方,0,0,0,0,0,--,0,--,0,--
10911,土石採取 ,0,0,0,0,0,--,0,--,0,--
10911,10.教育捐,0,344,23900,-23556,0,--,0,--,-6812,--
10911,(1)房屋稅附徵,0,344,23900,-23556,0,--,0,--,-6812,--
10911,(2)娛樂稅附徵,0,0,0,0,0,--,0,--,0,--
10911,(3)契稅附徵,0,0,0,0,0,--,0,--,0,--
10911,二、罰鍰  ,39432459,57778774,7207138,90004095,93000000,96.8,81165000,110.9,105177804,-14.4
10911,1.財務罰鍰,14482816,19606417,276329,33812904,36000000,93.9,32063000,105.5,35291259,-4.2
10911,2.罰金罰鍰,24949643,38172357,6930809,56191191,57000000,98.6,49102000,114.4,69886545,-19.6
10912,一、稅捐收入,75280322703,989797415,518672868,75751447250,73331000000,103.3,73331000000,103.3,74641091633,1.5
10912,1.地價稅,27729983704,358297517,245524738,27842756483,27791000000,100.2,27791000000,100.2,27265414994,2.1
10912,2.田賦,0,0,0,0,0,--,0,--,0,--
10912,3.土地增值稅,17986274543,315109210,230697001,18070686752,16200000000,111.5,16200000000,111.5,18083404960,-0.1
10912,4.房屋稅,15054554298,59941141,24811422,15089684017,15340000000,98.4,15340000000,98.4,14795388143,2.0
10912,5.使用牌照稅,7344262323,99296195,10228325,7433330193,7500000000,99.1,7500000000,99.1,7508282076,-1.0
10912,6.契稅,1872991193,23940319,3414882,1893516630,1540000000,123.0,1540000000,123.0,1646874297,15.0
10912,7.印花稅,5145506486,130768365,3873437,5272401414,4700000000,112.2,4700000000,112.2,5073935419,3.9
10912,8.娛樂稅,146750156,2444324,98983,149095497,260000000,57.3,260000000,57.3,267798900,-44.3
10912,9.特別及臨時稅課,0,0,0,0,0,--,0,--,0,--
10912,(1)特別稅,0,0,0,0,0,--,0,--,0,--
10912,營建剩餘土石方,0,0,0,0,0,--,0,--,0,--
10912,土石採取,0,0,0,0,0,--,0,--,0,--
10912,礦石開採,0,0,0,0,0,--,0,--,0,--
10912,(2)臨時稅,0,0,0,0,0,--,0,--,0,--
10912,營建剩餘土石方,0,0,0,0,0,--,0,--,0,--
10912,土石採取 ,0,0,0,0,0,--,0,--,0,--
10912,10.教育捐,0,344,24080,-23736,0,--,0,--,-7156,--
10912,(1)房屋稅附徵,0,344,24080,-23736,0,--,0,--,-7156,--
10912,(2)娛樂稅附徵,0,0,0,0,0,--,0,--,0,--
10912,(3)契稅附徵,0,0,0,0,0,--,0,--,0,--
10912,二、罰鍰  ,48838363,60998264,7539568,102297059,93000000,110.0,93000000,110.0,121249735,-15.6
10912,1.財務罰鍰,16393457,21567269,289601,37671125,36000000,104.6,36000000,104.6,38915503,-3.2
10912,2.罰金罰鍰,32444906,39430995,7249967,64625934,57000000,113.4,57000000,113.4,82334232,-21.5
11001,一、稅捐收入,2598753519,506404771,84880725,3020277565,73460000000,4.1,2517672000,120.0,2076699280,45.4
11001,1.地價稅,3385698,71143734,34696458,39832974,27526000000,0.1,77073000,51.7,66027877,-39.7
11001,2.田賦,0,0,0,0,0,--,0,--,0,--
11001,3.土地增值稅,1516990147,333065683,42285104,1807770726,16400000000,11.0,1459600000,123.9,1015523230,78.0
11001,4.房屋稅,24192331,22340638,3359468,43173501,15400000000,0.3,21560000,200.2,31044053,39.1
11001,5.使用牌照稅,96382544,21770317,3880430,114272431,7450000000,1.5,117710000,97.1,104115176,9.8
11001,6.契稅,208682540,23849024,567749,231963815,1569000000,14.8,129783000,178.7,106023718,118.8
11001,7.印花稅,735012935,33161568,9996,768164507,4870000000,15.8,695923000,110.4,735259012,4.5
11001,8.娛樂稅,14107324,1073807,81216,15099915,245000000,6.2,16023000,94.2,18706214,-19.3
11001,9.特別及臨時稅課,0,0,0,0,0,--,0,--,0,--
11001,(1)特別稅,0,0,0,0,0,--,0,--,0,--
11001,營建剩餘土石方,0,0,0,0,0,--,0,--,0,--
11001,土石採取,0,0,0,0,0,--,0,--,0,--
11001,礦石開採,0,0,0,0,0,--,0,--,0,--
11001,(2)臨時稅,0,0,0,0,0,--,0,--,0,--
11001,營建剩餘土石方,0,0,0,0,0,--,0,--,0,--
11001,土石採取 ,0,0,0,0,0,--,0,--,0,--
11001,10.教育捐,0,0,304,-304,0,--,0,--,0,--
11001,(1)房屋稅附徵,0,0,304,-304,0,--,0,--,0,--
11001,(2)娛樂稅附徵,0,0,0,0,0,--,0,--,0,--
11001,(3)契稅附徵,0,0,0,0,0,--,0,--,0,--
11001,二、罰鍰  ,409215,7898027,798602,7508640,115795000,6.5,5323000,141.1,5279100,42.2
11001,1.財務罰鍰,348667,2036724,11800,2373591,38000000,6.2,1823000,130.2,1760026,34.9
11001,2.罰金罰鍰,60548,5861303,786802,5135049,77795000,6.6,3500000,146.7,3519074,45.9
11002,一、稅捐收入,4158625634,604022845,140081414,4622567065,73460000000,6.3,3982076000,116.1,4206444079,9.9
11002,1.地價稅,11202330,117953811,49582394,79573747,27526000000,0.3,123867000,64.2,107023554,-25.6
11002,2.田賦,0,0,0,0,0,--,0,--,0,--
11002,3.土地增值稅,2752979640,351355411,70778599,3033556452,16400000000,18.5,2578080000,117.7,2729328962,11.1
11002,4.房屋稅,52465593,37099762,14484305,75081050,15400000000,0.5,40040000,187.5,57684953,30.2
11002,5.使用牌照稅,173841952,36036247,4094188,205784011,7450000000,2.8,203385000,101.2,199546119,3.1
11002,6.契稅,320906673,24134620,824695,344216598,1569000000,21.9,230656000,149.2,233618250,47.3
11002,7.印花稅,826930776,36032680,230590,862732866,4870000000,17.7,775791000,111.2,839073796,2.8
11002,8.娛樂稅,20298670,1410314,86339,21622645,245000000,8.8,30257000,71.5,40168445,-46.2
11002,9.特別及臨時稅課,0,0,0,0,0,--,0,--,0,--
11002,(1)特別稅,0,0,0,0,0,--,0,--,0,--
11002,營建剩餘土石方,0,0,0,0,0,--,0,--,0,--
11002,土石採取,0,0,0,0,0,--,0,--,0,--
11002,礦石開採,0,0,0,0,0,--,0,--,0,--
11002,(2)臨時稅,0,0,0,0,0,--,0,--,0,--
11002,營建剩餘土石方,0,0,0,0,0,--,0,--,0,--
11002,土石採取 ,0,0,0,0,0,--,0,--,0,--
11002,10.教育捐,0,0,304,-304,0,--,0,--,0,--
11002,(1)房屋稅附徵,0,0,304,-304,0,--,0,--,0,--
11002,(2)娛樂稅附徵,0,0,0,0,0,--,0,--,0,--
11002,(3)契稅附徵,0,0,0,0,0,--,0,--,0,--
11002,二、罰鍰  ,1217911,12727454,1152627,12792738,115795000,11.0,11761000,108.8,12692239,0.8
11002,1.財務罰鍰,1072307,3451968,11800,4512475,38000000,11.9,4761000,94.8,4597162,-1.8
11002,2.罰金罰鍰,145604,9275486,1140827,8280263,77795000,10.6,7000000,118.3,8095077,2.3
11003,一、稅捐收入,7225345591,695241386,204117442,7716469535,73460000000,10.5,6626983000,116.4,7107892989,8.6
11003,1.地價稅,170727422,167482353,80247398,257962377,27526000000,0.9,178919000,144.2,147991899,74.3
11003,2.田賦,0,0,0,0,0,--,0,--,0,--
11003,3.土地增值稅,4245850726,366220181,93576813,4518494094,16400000000,27.6,3878600000,116.5,4300264066,5.1
11003,4.房屋稅,103897716,49001961,24353199,128546478,15400000000,0.8,63140000,203.6,90101336,42.7
11003,5.使用牌照稅,626954569,48625255,4185225,671394599,7450000000,9.0,611645000,109.8,516494081,30.0
11003,6.契稅,488838216,24219796,1062463,511995549,1569000000,32.6,358305000,142.9,401012940,27.7
11003,7.印花稅,1563018876,37955531,596995,1600377412,4870000000,32.9,1490707000,107.4,1593500685,0.4
11003,8.娛樂稅,26058066,1736309,95045,27699330,245000000,11.3,45667000,60.7,58542175,-52.7
11003,9.特別及臨時稅課,0,0,0,0,0,--,0,--,0,--
11003,(1)特別稅,0,0,0,0,0,--,0,--,0,--
11003,營建剩餘土石方,0,0,0,0,0,--,0,--,0,--
11003,土石採取,0,0,0,0,0,--,0,--,0,--
11003,礦石開採,0,0,0,0,0,--,0,--,0,--
11003,(2)臨時稅,0,0,0,0,0,--,0,--,0,--
11003,營建剩餘土石方,0,0,0,0,0,--,0,--,0,--
11003,土石採取 ,0,0,0,0,0,--,0,--,0,--
11003,10.教育捐,0,0,304,-304,0,--,0,--,-14193,--
11003,(1)房屋稅附徵,0,0,304,-304,0,--,0,--,-14193,--
11003,(2)娛樂稅附徵,0,0,0,0,0,--,0,--,0,--
11003,(3)契稅附徵,0,0,0,0,0,--,0,--,0,--
11003,二、罰鍰  ,2801320,19122378,2834739,19088959,115795000,16.5,19356000,98.6,19109722,-0.1
11003,1.財務罰鍰,2094014,5301063,19958,7375119,38000000,19.4,7716000,95.6,7450608,-1.0
11003,2.罰金罰鍰,707306,13821315,2814781,11713840,77795000,15.1,11640000,100.6,11659114,0.5
11004,一、稅捐收入,12204820921,777199118,243983749,12738036290,73460000000,17.3,11872496000,107.3,12542907095,1.6
11004,1.地價稅,200956410,212067368,92164931,320858847,27526000000,1.2,225713000,142.2,184210245,74.2
11004,2.田賦,0,0,0,0,0,--,0,--,0,--
11004,3.土地增值稅,5490366837,381218655,112523707,5759061785,16400000000,35.1,5298840000,108.7,5693975571,1.1
11004,4.房屋稅,418454235,59376023,32074008,445756250,15400000000,2.9,258720000,172.3,373503304,19.3
11004,5.使用牌照稅,3735487682,57764368,4667746,3788584304,7450000000,50.9,3956695000,95.8,3974093082,-4.7
11004,6.契稅,652534110,24236883,1754882,675016111,1569000000,43.0,469049000,143.9,528085510,27.8
11004,7.印花稅,1675246400,40553822,700132,1715100090,4870000000,35.2,1606126000,106.8,1721763385,-0.4
11004,8.娛樂稅,31775247,1981999,98039,33659207,245000000,13.7,57353000,58.7,67298689,-50.0
11004,9.特別及臨時稅課,0,0,0,0,0,--,0,--,0,--
11004,(1)特別稅,0,0,0,0,0,--,0,--,0,--
11004,營建剩餘土石方,0,0,0,0,0,--,0,--,0,--
11004,土石採取,0,0,0,0,0,--,0,--,0,--
11004,礦石開採,0,0,0,0,0,--,0,--,0,--
11004,(2)臨時稅,0,0,0,0,0,--,0,--,0,--
11004,營建剩餘土石方,0,0,0,0,0,--,0,--,0,--
11004,土石採取 ,0,0,0,0,0,--,0,--,0,--
11004,10.教育捐,0,0,304,-304,0,--,0,--,-22691,--
11004,(1)房屋稅附徵,0,0,304,-304,0,--,0,--,-22691,--
11004,(2)娛樂稅附徵,0,0,0,0,0,--,0,--,0,--
11004,(3)契稅附徵,0,0,0,0,0,--,0,--,0,--
11004,二、罰鍰  ,4681214,24289665,4493026,24477853,115795000,21.1,28317000,86.4,26430776,-7.4
11004,1.財務罰鍰,3741205,7316238,23327,11034116,38000000,29.0,12185000,90.6,11766183,-6.2
11004,2.罰金罰鍰,940009,16973427,4469699,13443737,77795000,17.3,16132000,83.3,14664593,-8.3
11005,一、稅捐收入,26625955869,1157994539,303224626,27480725782,73460000000,37.4,24879253000,110.5,24682499258,11.3
11005,1.地價稅,228615547,259027905,127475548,360167904,27526000000,1.3,272507000,132.2,218580865,64.8
11005,2.田賦,0,0,0,0,0,--,0,--,0,--
11005,3.土地增值稅,6851683726,386543372,133803231,7104423867,16400000000,43.3,6796160000,104.5,7135878930,-0.4
11005,4.房屋稅,9905471542,371755540,33508689,10243718393,15400000000,66.5,8603980000,119.1,7923034073,29.3
11005,5.使用牌照稅,6380008541,66477999,5818323,6440668217,7450000000,86.5,6215770000,103.6,6206821898,3.8
11005,6.契稅,834903582,24934186,1820360,858017408,1569000000,54.7,613399000,139.9,645944998,32.8
11005,7.印花稅,2385303793,47089266,700132,2431692927,4870000000,49.9,2305458000,105.5,2480415200,-2.0
11005,8.娛樂稅,39969138,2166271,98039,42037370,245000000,17.2,71979000,58.4,71845985,-41.5
11005,9.特別及臨時稅課,0,0,0,0,0,--,0,--,0,--
11005,(1)特別稅,0,0,0,0,0,--,0,--,0,--
11005,營建剩餘土石方,0,0,0,0,0,--,0,--,0,--
11005,土石採取,0,0,0,0,0,--,0,--,0,--
11005,礦石開採,0,0,0,0,0,--,0,--,0,--
11005,(2)臨時稅,0,0,0,0,0,--,0,--,0,--
11005,營建剩餘土石方,0,0,0,0,0,--,0,--,0,--
11005,土石採取 ,0,0,0,0,0,--,0,--,0,--
11005,10.教育捐,0,0,304,-304,0,--,0,--,-22691,--
11005,(1)房屋稅附徵,0,0,304,-304,0,--,0,--,-22691,--
11005,(2)娛樂稅附徵,0,0,0,0,0,--,0,--,0,--
11005,(3)契稅附徵,0,0,0,0,0,--,0,--,0,--
11005,二、罰鍰  ,8920924,30558835,5585385,33894374,115795000,29.3,42742000,79.3,38722390,-12.5
11005,1.財務罰鍰,4583545,8976336,35411,13524470,38000000,35.6,15464000,87.5,14932375,-9.4
11005,2.罰金罰鍰,4337379,21582499,5549974,20369904,77795000,26.2,27278000,74.7,23790015,-14.4
11006,一、稅捐收入,33990566552,1336927975,340637360,34986857167,73460000000,47.6,32979751000,106.1,32421387760,7.9
11006,1.地價稅,237284776,274389760,138264862,373409674,27526000000,1.4,297280000,125.6,241602381,54.6
11006,2.田賦,0,0,0,0,0,--,0,--,0,--
11006,3.土地增值稅,8854948716,389108465,143191765,9100865416,16400000000,55.5,7949080000,114.5,8170937033,11.4
11006,4.房屋稅,14748877143,524216018,39127149,15233966012,15400000000,98.9,14748580000,103.3,13807417234,10.3
11006,5.使用牌照稅,6614702172,71973388,5877947,6680797613,7450000000,89.7,6738525000,99.1,6732887337,-0.8
11006,6.契稅,993292108,24952813,13370940,1004873981,1569000000,64.0,745171000,134.9,765957319,31.2
11006,7.印花稅,2497819390,49942870,704602,2547057658,4870000000,52.3,2416494000,105.4,2625225698,-3.0
11006,8.娛樂稅,43642247,2344661,99791,45887117,245000000,18.7,84621000,54.2,77384314,-40.7
11006,9.特別及臨時稅課,0,0,0,0,0,--,0,--,0,--
11006,(1)特別稅,0,0,0,0,0,--,0,--,0,--
11006,營建剩餘土石方,0,0,0,0,0,--,0,--,0,--
11006,土石採取,0,0,0,0,0,--,0,--,0,--
11006,礦石開採,0,0,0,0,0,--,0,--,0,--
11006,(2)臨時稅,0,0,0,0,0,--,0,--,0,--
11006,營建剩餘土石方,0,0,0,0,0,--,0,--,0,--
11006,土石採取 ,0,0,0,0,0,--,0,--,0,--
11006,10.教育捐,0,0,304,-304,0,--,0,--,-23556,--
11006,(1)房屋稅附徵,0,0,304,-304,0,--,0,--,-23556,--
11006,(2)娛樂稅附徵,0,0,0,0,0,--,0,--,0,--
11006,(3)契稅附徵,0,0,0,0,0,--,0,--,0,--
11006,二、罰鍰  ,17324811,34224620,5808401,45741030,115795000,39.5,59049000,77.5,52865234,-13.5
11006,1.財務罰鍰,5127042,10770821,35411,15862452,38000000,41.7,18508000,85.7,17872297,-11.2
11006,2.罰金罰鍰,12197769,23453799,5772990,29878578,77795000,38.4,40541000,73.7,34992937,-14.6
11007,一、稅捐收入,36277750916,1371699368,370037428,37279412856,73460000000,50.7,36286148000,102.7,36535672363,2.0
11007,1.地價稅,246978298,293205087,151510555,388672830,27526000000,1.4,338569000,114.8,275658369,41.0
11007,2.田賦,0,0,0,0,0,--,0,--,0,--
11007,3.土地增值稅,10029102776,388773858,158447999,10259428635,16400000000,62.6,9766200000,105.1,10598002888,-3.2
11007,4.房屋稅,14931336771,533398932,39732278,15425003425,15400000000,100.2,15150520000,101.8,14388005263,7.2
11007,5.使用牌照稅,6673618474,76667550,5960304,6744325720,7450000000,90.5,6849530000,98.5,6849378006,-1.5
11007,6.契稅,1110797044,24960727,13575329,1122182442,1569000000,71.5,925290000,121.3,936303226,19.9
11007,7.印花稅,3241836245,51895922,710868,3293021299,4870000000,67.6,3147481000,104.6,3403301345,-3.2
11007,8.娛樂稅,44081308,2797292,99791,46778809,245000000,19.1,108558000,43.1,85046822,-45.0
11007,9.特別及臨時稅課,0,0,0,0,0,--,0,--,0,--
11007,(1)特別稅,0,0,0,0,0,--,0,--,0,--
11007,營建剩餘土石方,0,0,0,0,0,--,0,--,0,--
11007,土石採取,0,0,0,0,0,--,0,--,0,--
11007,礦石開採,0,0,0,0,0,--,0,--,0,--
11007,(2)臨時稅,0,0,0,0,0,--,0,--,0,--
11007,營建剩餘土石方,0,0,0,0,0,--,0,--,0,--
11007,土石採取 ,0,0,0,0,0,--,0,--,0,--
11007,10.教育捐,0,0,304,-304,0,--,0,--,-23556,--
11007,(1)房屋稅附徵,0,0,304,-304,0,--,0,--,-23556,--
11007,(2)娛樂稅附徵,0,0,0,0,0,--,0,--,0,--
11007,(3)契稅附徵,0,0,0,0,0,--,0,--,0,--
11007,二、罰鍰  ,21578126,37699036,6486013,52791149,115795000,45.6,69870000,75.6,62038709,-14.9
11007,1.財務罰鍰,5669607,11842413,35411,17476609,38000000,46.0,21783000,80.2,21035322,-16.9
11007,2.罰金罰鍰,15908519,25856623,6450602,35314540,77795000,45.4,48087000,73.4,41003387,-13.9
11008,一、稅捐收入,38465488424,1418102217,388809821,39494780820,73460000000,53.8,38225491000,103.3,38414070999,2.8
11008,1.地價稅,308212553,308802481,156224712,460790322,27526000000,1.7,434910000,106.0,281809584,63.5
11008,2.田賦,0,0,0,0,0,--,0,--,0,--
11008,3.土地增值稅,11769473575,390225370,170708550,11988990395,16400000000,73.1,11148720000,107.5,11893818352,0.8
11008,4.房屋稅,14978689482,540696905,41293164,15478093223,15400000000,100.5,15216740000,101.7,14483701511,6.9
11008,5.使用牌照稅,6739010050,80253297,6182626,6813080721,7450000000,91.5,6927755000,98.3,6927893683,-1.7
11008,6.契稅,1246974751,24993149,13586099,1258381801,1569000000,80.2,1052552000,119.6,1130399030,11.3
11008,7.印花稅,3378033383,69465199,714575,3446784007,4870000000,70.8,3306243000,104.3,3602168102,-4.3
11008,8.娛樂稅,45094630,3665816,99791,48660655,245000000,19.9,138571000,35.1,94304293,-48.4
11008,9.特別及臨時稅課,0,0,0,0,0,--,0,--,0,--
11008,(1)特別稅,0,0,0,0,0,--,0,--,0,--
11008,營建剩餘土石方,0,0,0,0,0,--,0,--,0,--
11008,土石採取,0,0,0,0,0,--,0,--,0,--
11008,礦石開採,0,0,0,0,0,--,0,--,0,--
11008,(2)臨時稅,0,0,0,0,0,--,0,--,0,--
11008,營建剩餘土石方,0,0,0,0,0,--,0,--,0,--
11008,土石採取 ,0,0,0,0,0,--,0,--,0,--
11008,10.教育捐,0,0,304,-304,0,--,0,--,-23556,--
11008,(1)房屋稅附徵,0,0,304,-304,0,--,0,--,-23556,--
11008,(2)娛樂稅附徵,0,0,0,0,0,--,0,--,0,--
11008,(3)契稅附徵,0,0,0,0,0,--,0,--,0,--
11008,二、罰鍰  ,25488288,41797036,6693873,60591451,115795000,52.3,78246000,77.4,68729891,-11.8
11008,1.財務罰鍰,7343047,13594538,43731,20893854,38000000,55.0,25490000,82.0,24615124,-15.1
11008,2.罰金罰鍰,18145241,28202498,6650142,39697597,77795000,51.0,52756000,75.2,44114767,-10.0
11009,一、稅捐收入,40718604796,1474132316,402742565,41789994547,73460000000,56.9,40541789000,103.1,41095430070,1.7
11009,1.地價稅,323879625,326011812,161305696,488585741,27526000000,1.8,539509000,90.6,370892078,31.7
11009,2.田賦,0,0,0,0,0,--,0,--,0,--
11009,3.土地增值稅,12937209419,391078902,177594630,13150693691,16400000000,80.2,12388560000,106.2,13424659361,-2.0
11009,4.房屋稅,15055116588,546874343,43231068,15558759863,15400000000,101.0,15275260000,101.9,14568400877,6.8
11009,5.使用牌照稅,6831833182,83371217,6209778,6908994621,7450000000,92.7,6976180000,99.0,6976072020,-1.0
11009,6.契稅,1390840346,24999365,13586099,1402253612,1569000000,89.4,1187695000,118.1,1329043928,5.5
11009,7.印花稅,4133300075,98010837,714575,4230596337,4870000000,86.9,4008010000,105.6,4319256449,-2.1
11009,8.娛樂稅,46425561,3785840,100415,50110986,245000000,20.5,166575000,30.1,107128913,-53.2
11009,9.特別及臨時稅課,0,0,0,0,0,--,0,--,0,--
11009,(1)特別稅,0,0,0,0,0,--,0,--,0,--
11009,營建剩餘土石方,0,0,0,0,0,--,0,--,0,--
11009,土石採取,0,0,0,0,0,--,0,--,0,--
11009,礦石開採,0,0,0,0,0,--,0,--,0,--
11009,(2)臨時稅,0,0,0,0,0,--,0,--,0,--
11009,營建剩餘土石方,0,0,0,0,0,--,0,--,0,--
11009,土石採取 ,0,0,0,0,0,--,0,--,0,--
11009,10.教育捐,0,0,304,-304,0,--,0,--,-23556,--
11009,(1)房屋稅附徵,0,0,304,-304,0,--,0,--,-23556,--
11009,(2)娛樂稅附徵,0,0,0,0,0,--,0,--,0,--
11009,(3)契稅附徵,0,0,0,0,0,--,0,--,0,--
11009,二、罰鍰  ,27748205,44826638,6820502,65754341,115795000,56.8,86317000,76.2,75727860,-13.2
11009,1.財務罰鍰,8607409,14686027,43731,23249705,38000000,61.2,29017000,80.1,28021204,-17.0
11009,2.罰金罰鍰,19140796,30140611,6776771,42504636,77795000,54.6,57300000,74.2,47706656,-10.9
11010,一、稅捐收入,44210929632,1532651247,416632778,45326948101,73460000000,61.7,42616483000,106.4,43342533064,4.6
11010,1.地價稅,851807732,339763883,164498058,1027073557,27526000000,3.7,789996000,130.0,590571203,73.9
11010,2.田賦,0,0,0,0,0,--,0,--,0,--
11010,3.土地增值稅,15395619988,393032072,185231257,15603420803,16400000000,95.1,13726800000,113.7,14826677845,5.2
11010,4.房屋稅,15117815788,554287293,44731818,15627371263,15400000000,101.5,15343020000,101.9,14665495548,6.6
11010,5.使用牌照稅,6927168769,86419079,7687504,7005900344,7450000000,94.0,7117730000,98.4,7202446678,-2.7
11010,6.契稅,1571526095,24999365,13609889,1582915571,1569000000,100.9,1321508000,119.8,1497968007,5.7
11010,7.印花稅,4298563149,130189507,772743,4427979913,4870000000,90.9,4121968000,107.4,4437417702,-0.2
11010,8.娛樂稅,48428111,3960048,101205,52286954,245000000,21.3,195461000,26.8,121979637,-57.1
11010,9.特別及臨時稅課,0,0,0,0,0,--,0,--,0,--
11010,(1)特別稅,0,0,0,0,0,--,0,--,0,--
11010,營建剩餘土石方,0,0,0,0,0,--,0,--,0,--
11010,土石採取,0,0,0,0,0,--,0,--,0,--
11010,礦石開採,0,0,0,0,0,--,0,--,0,--
11010,(2)臨時稅,0,0,0,0,0,--,0,--,0,--
11010,營建剩餘土石方,0,0,0,0,0,--,0,--,0,--
11010,土石採取 ,0,0,0,0,0,--,0,--,0,--
11010,10.教育捐,0,0,304,-304,0,--,0,--,-23556,--
11010,(1)房屋稅附徵,0,0,304,-304,0,--,0,--,-23556,--
11010,(2)娛樂稅附徵,0,0,0,0,0,--,0,--,0,--
11010,(3)契稅附徵,0,0,0,0,0,--,0,--,0,--
11010,二、罰鍰  ,30675101,48112302,7876289,70911114,115795000,61.2,93604000,75.8,81964564,-13.5
11010,1.財務罰鍰,10515392,15812210,133993,26193609,38000000,68.9,31738000,82.5,30648814,-14.5
11010,2.罰金罰鍰,20159709,32300092,7742296,44717505,77795000,57.5,61866000,72.3,51315750,-12.9
11011,一、稅捐收入,61770389996,1673258673,427119962,63016528707,73460000000,85.8,59318132000,106.2,60942656709,3.4
11011,1.地價稅,15580575845,358110775,168691870,15769994750,27526000000,57.3,15194352000,103.8,15558032748,1.4
11011,2.田賦,0,0,0,0,0,--,0,--,0,--
11011,3.土地增值稅,16853259723,399576654,190518484,17062317893,16400000000,104.0,14894480000,114.6,16269462624,4.9
11011,4.房屋稅,15187104566,561483931,45362538,15703225959,15400000000,102.0,15367660000,102.2,14761429600,6.4
11011,5.使用牌照稅,7269466749,88709365,7924049,7350252065,7450000000,98.7,7428395000,98.9,7405593789,-0.7
11011,6.契稅,1755216685,24999365,13746118,1766469932,1569000000,112.6,1445667000,122.2,1685647727,4.8
11011,7.印花稅,5072798753,236323833,772743,5308349843,4870000000,109.0,4766269000,111.4,5127273739,3.5
11011,8.娛樂稅,51967675,4054750,103856,55918569,245000000,22.8,221309000,25.3,135240038,-58.7
11011,9.特別及臨時稅課,0,0,0,0,0,--,0,--,0,--
11011,(1)特別稅,0,0,0,0,0,--,0,--,0,--
11011,營建剩餘土石方,0,0,0,0,0,--,0,--,0,--
11011,土石採取,0,0,0,0,0,--,0,--,0,--
11011,礦石開採,0,0,0,0,0,--,0,--,0,--
11011,(2)臨時稅,0,0,0,0,0,--,0,--,0,--
11011,營建剩餘土石方,0,0,0,0,0,--,0,--,0,--
11011,土石採取 ,0,0,0,0,0,--,0,--,0,--
11011,10.教育捐,0,0,304,-304,0,--,0,--,-23556,--
11011,(1)房屋稅附徵,0,0,304,-304,0,--,0,--,-23556,--
11011,(2)娛樂稅附徵,0,0,0,0,0,--,0,--,0,--
11011,(3)契稅附徵,0,0,0,0,0,--,0,--,0,--
11011,二、罰鍰  ,38597749,53929280,8424687,84102342,115795000,72.6,101618000,82.8,90004095,-6.6
11011,1.財務罰鍰,16198126,16649924,133993,32714057,38000000,86.1,33923000,96.4,33812904,-3.2
11011,2.罰金罰鍰,22399623,37279356,8290694,51388285,77795000,66.1,67695000,75.9,56191191,-8.5
11012,一、稅捐收入,75423278751,1738344223,475394991,76686227983,73460000000,104.4,73460000000,104.4,75751447250,1.2
11012,1.地價稅,26946249027,400657103,207281164,27139624966,27526000000,98.6,27526000000,98.6,27842756483,-2.5
11012,2.田賦,0,0,0,0,0,--,0,--,0,--
11012,3.土地增值稅,18621923575,401756327,199484805,18824195097,16400000000,114.8,16400000000,114.8,18070686752,4.2
11012,4.房屋稅,15258888481,574390773,45998841,15787280413,15400000000,102.5,15400000000,102.5,15089684017,4.6
11012,5.使用牌照稅,7306595649,91267361,7960019,7389902991,7450000000,99.2,7450000000,99.2,7433330193,-0.6
11012,6.契稅,1978090692,25006424,13782365,1989314751,1569000000,126.8,1569000000,126.8,1893516630,5.1
11012,7.印花稅,5254573645,241073464,781203,5494865906,4870000000,112.8,4870000000,112.8,5272401414,4.2
11012,8.娛樂稅,56957682,4192771,106290,61044163,245000000,24.9,245000000,24.9,149095497,-59.1
11012,9.特別及臨時稅課,0,0,0,0,0,--,0,--,0,--
11012,(1)特別稅,0,0,0,0,0,--,0,--,0,--
11012,營建剩餘土石方,0,0,0,0,0,--,0,--,0,--
11012,土石採取,0,0,0,0,0,--,0,--,0,--
11012,礦石開採,0,0,0,0,0,--,0,--,0,--
11012,(2)臨時稅,0,0,0,0,0,--,0,--,0,--
11012,營建剩餘土石方,0,0,0,0,0,--,0,--,0,--
11012,土石採取 ,0,0,0,0,0,--,0,--,0,--
11012,10.教育捐,0,0,304,-304,0,--,0,--,-23736,--
11012,(1)房屋稅附徵,0,0,304,-304,0,--,0,--,-23736,--
11012,(2)娛樂稅附徵,0,0,0,0,0,--,0,--,0,--
11012,(3)契稅附徵,0,0,0,0,0,--,0,--,0,--
11012,二、罰鍰  ,48906296,57332181,14757305,91481172,115795000,79.0,115795000,79.0,102297059,-10.6
11012,1.財務罰鍰,18707323,17644861,136558,36215626,38000000,95.3,38000000,95.3,37671125,-3.9
11012,2.罰金罰鍰,30198973,39687320,14620747,55265546,77795000,71.0,77795000,71.0,64625934,-14.5
11101,一、稅捐收入,2833738283,460677451,61537938,3232877796,75210000000,4.3,2443447000,132.3,3020277565,7.0
11101,1.地價稅,14869369,93562754,16004303,92427820,28000000000,0.3,43673000,211.6,39832974,132.0
11101,2.田賦,0,0,0,0,0,--,0,--,0,--
11101,3.土地增值稅,1716050412,251615554,42190552,1925475414,16800000000,11.5,1338960000,143.8,1807770726,6.5
11101,4.房屋稅,22876911,28190826,1717429,49350308,15900000000,0.3,42930000,115.0,43173501,14.3
11101,5.使用牌照稅,97809981,20235867,958409,117087439,7400000000,1.6,116180000,100.8,114272431,2.5
11101,6.契稅,146505107,25412655,407482,171510280,1800000000,9.5,159501000,107.5,231963815,-26.1
11101,7.印花稅,827814175,41080873,253108,868641940,5100000000,17.0,728280000,119.3,768164507,13.1
11101,8.娛樂稅,7812328,578922,6655,8384595,210000000,4.0,13923000,60.2,15099915,-44.5
11101,9.特別及臨時稅課,0,0,0,0,0,--,0,--,0,--
11101,(1)特別稅,0,0,0,0,0,--,0,--,0,--
11101,營建剩餘土石方,0,0,0,0,0,--,0,--,0,--
11101,土石採取,0,0,0,0,0,--,0,--,0,--
11101,礦石開採,0,0,0,0,0,--,0,--,0,--
11101,(2)臨時稅,0,0,0,0,0,--,0,--,0,--
11101,營建剩餘土石方,0,0,0,0,0,--,0,--,0,--
11101,土石採取 ,0,0,0,0,0,--,0,--,0,--
11101,10.教育捐,0,0,0,0,0,--,0,--,-304,--
11101,(1)房屋稅附徵,0,0,0,0,0,--,0,--,-304,--
11101,(2)娛樂稅附徵,0,0,0,0,0,--,0,--,0,--
11101,(3)契稅附徵,0,0,0,0,0,--,0,--,0,--
11101,二、罰鍰  ,200521,8276706,309325,8167902,106559000,7.7,8619000,94.8,7508640,8.8
11101,1.財務罰鍰,175363,1774191,50482,1899072,38000000,5.0,2779000,68.3,2373591,-20.0
11101,2.罰金罰鍰,25158,6502515,258843,6268830,68559000,9.1,5840000,107.3,5135049,22.1
11102,一、稅捐收入,4702808619,551809590,98439722,5156178487,75210000000,6.9,4009353000,128.6,4622567065,11.5
11102,1.地價稅,38409450,149258041,30860613,156806878,28000000000,0.6,86276000,181.8,79573747,97.1
11102,2.田賦,0,0,0,0,0,--,0,--,0,--
11102,3.土地增值稅,3178976282,257502035,62535335,3373942982,16800000000,20.1,2541840000,132.7,3033556452,11.2
11102,4.房屋稅,59705342,43410911,3195444,99920809,15900000000,0.6,74730000,133.7,75081050,33.1
11102,5.使用牌照稅,160863050,31269860,1099211,191033699,7400000000,2.6,202020000,94.6,205784011,-7.2
11102,6.契稅,321235382,25498989,474879,346259492,1800000000,19.2,260842000,132.7,344216598,0.6
11102,7.印花稅,930581002,44073690,266680,974388012,5100000000,19.1,818550000,119.0,862732866,12.9
11102,8.娛樂稅,13038111,796064,7560,13826615,210000000,6.6,25095000,55.1,21622645,-36.1
11102,9.特別及臨時稅課,0,0,0,0,0,--,0,--,0,--
11102,(1)特別稅,0,0,0,0,0,--,0,--,0,--
11102,營建剩餘土石方,0,0,0,0,0,--,0,--,0,--
11102,土石採取,0,0,0,0,0,--,0,--,0,--
11102,礦石開採,0,0,0,0,0,--,0,--,0,--
11102,(2)臨時稅,0,0,0,0,0,--,0,--,0,--
11102,營建剩餘土石方,0,0,0,0,0,--,0,--,0,--
11102,土石採取 ,0,0,0,0,0,--,0,--,0,--
11102,10.教育捐,0,0,0,0,0,--,0,--,-304,--
11102,(1)房屋稅附徵,0,0,0,0,0,--,0,--,-304,--
11102,(2)娛樂稅附徵,0,0,0,0,0,--,0,--,0,--
11102,(3)契稅附徵,0,0,0,0,0,--,0,--,0,--
11102,二、罰鍰  ,749269,13054206,637794,13165681,106559000,12.4,14574000,90.3,12792738,2.9
11102,1.財務罰鍰,649268,2985113,50691,3583690,38000000,9.4,5283000,67.8,4512475,-20.6
11102,2.罰金罰鍰,100001,10069093,587103,9581991,68559000,14.0,9291000,103.1,8280263,15.7
11103,一、稅捐收入,8262389528,666804856,135865905,8793328479,75210000000,11.7,6690578000,131.4,7716469535,14.0
11103,1.地價稅,47383417,205020154,46978179,205425392,28000000000,0.7,143097000,143.6,257962377,-20.4
11103,2.田賦,0,0,0,0,0,--,0,--,0,--
11103,3.土地增值稅,5211300657,269661449,81505144,5399456962,16800000000,32.1,3832080000,140.9,4518494094,19.5
11103,4.房屋稅,110310872,60200980,4842769,165669083,15900000000,1.0,127200000,130.2,128546478,28.9
11103,5.使用牌照稅,643759645,46055886,1218042,688597489,7400000000,9.3,605320000,113.8,671394599,2.6
11103,6.契稅,521488990,25647648,642286,546494352,1800000000,30.4,405457000,134.8,511995549,6.7
11103,7.印花稅,1707589083,59198591,671925,1766115749,5100000000,34.6,1541220000,114.6,1600377412,10.4
11103,8.娛樂稅,20556864,1020148,7560,21569452,210000000,10.3,36204000,59.6,27699330,-22.1
11103,9.特別及臨時稅課,0,0,0,0,0,--,0,--,0,--
11103,(1)特別稅,0,0,0,0,0,--,0,--,0,--
11103,營建剩餘土石方,0,0,0,0,0,--,0,--,0,--
11103,土石採取,0,0,0,0,0,--,0,--,0,--
11103,礦石開採,0,0,0,0,0,--,0,--,0,--
11103,(2)臨時稅,0,0,0,0,0,--,0,--,0,--
11103,營建剩餘土石方,0,0,0,0,0,--,0,--,0,--
11103,土石採取 ,0,0,0,0,0,--,0,--,0,--
11103,10.教育捐,0,0,0,0,0,--,0,--,-304,--
11103,(1)房屋稅附徵,0,0,0,0,0,--,0,--,-304,--
11103,(2)娛樂稅附徵,0,0,0,0,0,--,0,--,0,--
11103,(3)契稅附徵,0,0,0,0,0,--,0,--,0,--
11103,二、罰鍰  ,2287914,18983850,789412,20482352,106559000,19.2,22963000,89.2,19088959,7.3
11103,1.財務罰鍰,2018961,5018387,50691,6986657,38000000,18.4,8635000,80.9,7375119,-5.3
11103,2.罰金罰鍰,268953,13965463,738721,13495695,68559000,19.7,14328000,94.2,11713840,15.2
11104,一、稅捐收入,13211169913,857123458,172618223,13895675148,75210000000,18.5,12004590000,115.8,12738036290,9.1
11104,1.地價稅,72559769,265153014,54761581,282951202,28000000000,1.0,197233000,143.5,320858847,-11.8
11104,2.田賦,0,0,0,0,0,--,0,--,0,--
11104,3.土地增值稅,6540897424,372814204,104699869,6809011759,16800000000,40.5,5211360000,130.7,5759061785,18.2
11104,4.房屋稅,291557020,75133974,9094383,357596611,15900000000,2.2,442020000,80.9,445756250,-19.8
11104,5.使用牌照稅,3730675564,56084174,2543368,3784216370,7400000000,51.1,3898320000,97.1,3788584304,-0.1
11104,6.契稅,704803952,25694748,684424,729814276,1800000000,40.5,539882000,135.2,675016111,8.1
11104,7.印花稅,1844468405,60981180,804488,1904645097,5100000000,37.3,1671780000,113.9,1715100090,11.1
11104,8.娛樂稅,26207779,1262164,30110,27439833,210000000,13.1,43995000,62.4,33659207,-18.5
11104,9.特別及臨時稅課,0,0,0,0,0,--,0,--,0,--
11104,(1)特別稅,0,0,0,0,0,--,0,--,0,--
11104,營建剩餘土石方,0,0,0,0,0,--,0,--,0,--
11104,土石採取,0,0,0,0,0,--,0,--,0,--
11104,礦石開採,0,0,0,0,0,--,0,--,0,--
11104,(2)臨時稅,0,0,0,0,0,--,0,--,0,--
11104,營建剩餘土石方,0,0,0,0,0,--,0,--,0,--
11104,土石採取 ,0,0,0,0,0,--,0,--,0,--
11104,10.教育捐,0,0,0,0,0,--,0,--,-304,--
11104,(1)房屋稅附徵,0,0,0,0,0,--,0,--,-304,--
11104,(2)娛樂稅附徵,0,0,0,0,0,--,0,--,0,--
11104,(3)契稅附徵,0,0,0,0,0,--,0,--,0,--
11104,二、罰鍰  ,2856399,23373123,1785545,24443977,106559000,22.9,30501000,80.1,24477853,-0.1
11104,1.財務罰鍰,2386419,6421645,56697,8751367,38000000,23.0,12919000,67.7,11034116,-20.7
11104,2.罰金罰鍰,469980,16951478,1728848,15692610,68559000,22.9,17582000,89.3,13443737,16.7
11105,一、稅捐收入,27929518056,1043366844,192219400,28780665500,75210000000,38.3,26463865000,108.8,27480725782,4.7
11105,1.地價稅,80896463,313211004,59288441,334819026,28000000000,1.2,237881000,140.8,360167904,-7.0
11105,2.田賦,0,0,0,0,0,--,0,--,0,--
11105,3.土地增值稅,8138020249,377303423,117949215,8397374457,16800000000,50.0,6506640000,129.1,7104423867,18.2
11105,4.房屋稅,9903691770,196063865,10210051,10089545584,15900000000,63.5,10147380000,99.4,10243718393,-1.5
11105,5.使用牌照稅,6287815422,65246947,2613587,6350448782,7400000000,85.8,6425420000,98.8,6440668217,-1.4
11105,6.契稅,881377695,25707372,954533,906130534,1800000000,50.3,698315000,129.8,858017408,5.6
11105,7.印花稅,2602128991,64422252,1173335,2665377908,5100000000,52.3,2397000000,111.2,2431692927,9.6
11105,8.娛樂稅,35587466,1411981,30238,36969209,210000000,17.6,51229000,72.2,42037370,-12.1
11105,9.特別及臨時稅課,0,0,0,0,0,--,0,--,0,--
11105,(1)特別稅,0,0,0,0,0,--,0,--,0,--
11105,營建剩餘土石方,0,0,0,0,0,--,0,--,0,--
11105,土石採取,0,0,0,0,0,--,0,--,0,--
11105,礦石開採,0,0,0,0,0,--,0,--,0,--
11105,(2)臨時稅,0,0,0,0,0,--,0,--,0,--
11105,營建剩餘土石方,0,0,0,0,0,--,0,--,0,--
11105,土石採取 ,0,0,0,0,0,--,0,--,0,--
11105,10.教育捐,0,0,0,0,0,--,0,--,-304,--
11105,(1)房屋稅附徵,0,0,0,0,0,--,0,--,-304,--
11105,(2)娛樂稅附徵,0,0,0,0,0,--,0,--,0,--
11105,(3)契稅附徵,0,0,0,0,0,--,0,--,0,--
11105,二、罰鍰  ,6111010,27650272,1980863,31780419,106559000,29.8,41009000,77.5,33894374,-6.2
11105,1.財務罰鍰,3257945,7977401,56713,11178633,38000000,29.4,15835000,70.6,13524470,-17.3
11105,2.罰金罰鍰,2853065,19672871,1924150,20601786,68559000,30.0,25174000,81.8,20369904,1.1
11106,一、稅捐收入,35736772163,1164894058,211558116,36690108105,75210000000,48.8,33298712000,110.2,34986857167,4.9
11106,1.地價稅,135581073,339961879,64757008,410785944,28000000000,1.5,256650000,160.1,373409674,10.0
11106,2.田賦,0,0,0,0,0,--,0,--,0,--
11106,3.土地增值稅,9626448446,381129883,130266477,9877311852,16800000000,58.8,7833840000,126.1,9100865416,8.5
11106,4.房屋稅,15569010337,266577999,11487690,15824100646,15900000000,99.5,15090690000,104.9,15233966012,3.9
11106,5.使用牌照稅,6584143300,71996854,2721976,6653418178,7400000000,89.9,6702180000,99.3,6680797613,-0.4
11106,6.契稅,1027317246,25717332,955829,1052078749,1800000000,58.4,840106000,125.2,1004873981,4.7
11106,7.印花稅,2754018647,77964170,1338898,2830643919,5100000000,55.5,2517360000,112.4,2547057658,11.1
11106,8.娛樂稅,40253114,1545941,30238,41768817,210000000,19.9,57886000,72.2,45887117,-9.0
11106,9.特別及臨時稅課,0,0,0,0,0,--,0,--,0,--
11106,(1)特別稅,0,0,0,0,0,--,0,--,0,--
11106,營建剩餘土石方,0,0,0,0,0,--,0,--,0,--
11106,土石採取,0,0,0,0,0,--,0,--,0,--
11106,礦石開採,0,0,0,0,0,--,0,--,0,--
11106,(2)臨時稅,0,0,0,0,0,--,0,--,0,--
11106,營建剩餘土石方,0,0,0,0,0,--,0,--,0,--
11106,土石採取 ,0,0,0,0,0,--,0,--,0,--
11106,10.教育捐,0,0,0,0,0,--,0,--,-304,--
11106,(1)房屋稅附徵,0,0,0,0,0,--,0,--,-304,--
11106,(2)娛樂稅附徵,0,0,0,0,0,--,0,--,0,--
11106,(3)契稅附徵,0,0,0,0,0,--,0,--,0,--
11106,二、罰鍰  ,12960625,31538725,2429298,42070052,106559000,39.5,53508000,78.6,45741030,-8.0
11106,1.財務罰鍰,5174595,9346833,64489,14456939,38000000,38.0,18572000,77.8,15862452,-8.9
11106,2.罰金罰鍰,7786030,22191892,2364809,27613113,68559000,40.3,34936000,79.0,29878578,-7.6
11107,一、稅捐收入,38307351368,1236271441,254319058,39289303751,75210000000,52.2,36226250000,108.5,37279412856,5.4
11107,1.地價稅,161750801,368682179,86847450,443585530,28000000000,1.6,275851000,160.8,388672830,14.1
11107,2.田賦,0,0,0,0,0,--,0,--,0,--
11107,3.土地增值稅,10919996548,380074103,145185811,11154884840,16800000000,66.4,9535680000,117.0,10259428635,8.7
11107,4.房屋稅,15749567325,276541778,16569377,16009539726,15900000000,100.7,15279900000,104.8,15425003425,3.8
11107,5.使用牌照稅,6692817281,78321633,2767156,6768371758,7400000000,91.5,6793940000,99.6,6744325720,0.4
11107,6.契稅,1159123714,25716693,1125150,1183715257,1800000000,65.8,999255000,118.5,1122182442,5.5
11107,7.印花稅,3577692001,105233419,1793876,3681131544,5100000000,72.2,3265020000,112.7,3293021299,11.8
11107,8.娛樂稅,46403698,1701636,30238,48075096,210000000,22.9,76604000,62.8,46778809,2.8
11107,9.特別及臨時稅課,0,0,0,0,0,--,0,--,0,--
11107,(1)特別稅,0,0,0,0,0,--,0,--,0,--
11107,營建剩餘土石方,0,0,0,0,0,--,0,--,0,--
11107,土石採取,0,0,0,0,0,--,0,--,0,--
11107,礦石開採,0,0,0,0,0,--,0,--,0,--
11107,(2)臨時稅,0,0,0,0,0,--,0,--,0,--
11107,營建剩餘土石方,0,0,0,0,0,--,0,--,0,--
11107,土石採取 ,0,0,0,0,0,--,0,--,0,--
11107,10.教育捐,0,0,0,0,0,--,0,--,-304,--
11107,(1)房屋稅附徵,0,0,0,0,0,--,0,--,-304,--
11107,(2)娛樂稅附徵,0,0,0,0,0,--,0,--,0,--
11107,(3)契稅附徵,0,0,0,0,0,--,0,--,0,--
11107,二、罰鍰  ,15607644,36394073,3882946,48118771,106559000,45.2,61363000,78.4,52791149,-8.9
11107,1.財務罰鍰,5926106,11232767,64489,17094384,38000000,45.0,20462000,83.5,17476609,-2.2
11107,2.罰金罰鍰,9681538,25161306,3818457,31024387,68559000,45.3,40901000,75.9,35314540,-12.1
11108,一、稅捐收入,40014898422,1317067543,271722221,41060243744,75210000000,54.6,38221750000,107.4,39494780820,4.0
11108,1.地價稅,196029988,389045684,95411267,489664405,28000000000,1.7,355844000,137.6,460790322,6.3
11108,2.田賦,0,0,0,0,0,--,0,--,0,--
11108,3.土地增值稅,12056631442,383234374,152063720,12287802096,16800000000,73.1,11000640000,111.7,11988990395,2.5
11108,4.房屋稅,15863420737,285335810,17939176,16130817371,15900000000,101.5,15332370000,105.2,15478093223,4.2
11108,5.使用牌照稅,6783958474,82777270,2982670,6863753074,7400000000,92.8,6866460000,100.0,6813080721,0.7
11108,6.契稅,1296480845,25741179,1129902,1321092122,1800000000,73.4,1144732000,115.4,1258381801,5.0
11108,7.印花稅,3762846481,149108223,2164826,3909789878,5100000000,76.7,3424650000,114.2,3446784007,13.4
11108,8.娛樂稅,55530455,1825003,30660,57324798,210000000,27.3,97054000,59.1,48660655,17.8
11108,9.特別及臨時稅課,0,0,0,0,0,--,0,--,0,--
11108,(1)特別稅,0,0,0,0,0,--,0,--,0,--
11108,營建剩餘土石方,0,0,0,0,0,--,0,--,0,--
11108,土石採取,0,0,0,0,0,--,0,--,0,--
11108,礦石開採,0,0,0,0,0,--,0,--,0,--
11108,(2)臨時稅,0,0,0,0,0,--,0,--,0,--
11108,營建剩餘土石方,0,0,0,0,0,--,0,--,0,--
11108,土石採取 ,0,0,0,0,0,--,0,--,0,--
11108,10.教育捐,0,0,0,0,0,--,0,--,-304,--
11108,(1)房屋稅附徵,0,0,0,0,0,--,0,--,-304,--
11108,(2)娛樂稅附徵,0,0,0,0,0,--,0,--,0,--
11108,(3)契稅附徵,0,0,0,0,0,--,0,--,0,--
11108,二、罰鍰  ,17956550,40463759,4169674,54250635,106559000,50.9,69702000,77.8,60591451,-10.5
11108,1.財務罰鍰,7273085,12676810,68002,19881893,38000000,52.3,24463000,81.3,20893854,-4.8
11108,2.罰金罰鍰,10683465,27786949,4101672,34368742,68559000,50.1,45239000,76.0,39697597,-13.4
11109,一、稅捐收入,42014866810,1363444142,281983244,43096327708,75210000000,57.3,40601353000,106.1,41789994547,3.1
11109,1.地價稅,260059991,408577959,98870132,569767818,28000000000,2.0,410383000,138.8,488585741,16.6
11109,2.田賦,0,0,0,0,0,--,0,--,0,--
11109,3.土地增值稅,12925777884,385860705,158429537,13153209052,16800000000,78.3,12264000000,107.3,13150693691,－
11109,4.房屋稅,15949166793,293165898,18184073,16224148618,15900000000,102.0,15411870000,105.3,15558759863,4.3
11109,5.使用牌照稅,6832057457,85840307,2996560,6914901204,7400000000,93.4,6934540000,99.7,6908994621,0.1
11109,6.契稅,1386465519,25745985,1152656,1411058848,1800000000,78.4,1297053000,108.8,1402253612,0.6
11109,7.印花稅,4598409745,162324555,2319626,4758414674,5100000000,93.3,4161090000,114.4,4230596337,12.5
11109,8.娛樂稅,62929421,1928733,30660,64827494,210000000,30.9,122417000,53.0,50110986,29.4
11109,9.特別及臨時稅課,0,0,0,0,0,--,0,--,0,--
11109,(1)特別稅,0,0,0,0,0,--,0,--,0,--
11109,營建剩餘土石方,0,0,0,0,0,--,0,--,0,--
11109,土石採取,0,0,0,0,0,--,0,--,0,--
11109,礦石開採,0,0,0,0,0,--,0,--,0,--
11109,(2)臨時稅,0,0,0,0,0,--,0,--,0,--
11109,營建剩餘土石方,0,0,0,0,0,--,0,--,0,--
11109,土石採取 ,0,0,0,0,0,--,0,--,0,--
11109,10.教育捐,0,0,0,0,0,--,0,--,-304,--
11109,(1)房屋稅附徵,0,0,0,0,0,--,0,--,-304,--
11109,(2)娛樂稅附徵,0,0,0,0,0,--,0,--,0,--
11109,(3)契稅附徵,0,0,0,0,0,--,0,--,0,--
11109,二、罰鍰  ,19680526,42910767,4667597,57923696,106559000,54.4,75714000,76.5,65754341,-11.9
11109,1.財務罰鍰,8150299,13723862,68002,21806159,38000000,57.4,27221000,80.1,23249705,-6.2
11109,2.罰金罰鍰,11530227,29186905,4599595,36117537,68559000,52.7,48493000,74.5,42504636,-15.0
11110,一、稅捐收入,43828983229,1402909452,294270209,44937622472,75210000000,59.7,43187854000,104.1,45326948101,-0.9
11110,1.地價稅,605980099,429319859,103785268,931514690,28000000000,3.3,833996000,111.7,1027073557,-9.3
11110,2.田賦,0,0,0,0,0,--,0,--,0,--
11110,3.土地增值稅,13977204679,390776593,163373179,14204608093,16800000000,84.6,13893600000,102.2,15603420803,-9.0
11110,4.房屋稅,16026268062,301162810,19900972,16307529900,15900000000,102.6,15480240000,105.3,15627371263,4.4
11110,5.使用牌照稅,6915587248,88857667,3529672,7000915243,7400000000,94.6,7076620000,98.9,7005900344,-0.1
11110,6.契稅,1484455268,25761741,1169816,1509047193,1800000000,83.8,1455226000,103.7,1582915571,-4.7
11110,7.印花稅,4749589318,164986585,2480642,4912095261,5100000000,96.3,4299300000,114.3,4427979913,10.9
11110,8.娛樂稅,69898555,2044197,30660,71912092,210000000,34.2,148872000,48.3,52286954,37.5
11110,9.特別及臨時稅課,0,0,0,0,0,--,0,--,0,--
11110,(1)特別稅,0,0,0,0,0,--,0,--,0,--
11110,營建剩餘土石方,0,0,0,0,0,--,0,--,0,--
11110,土石採取,0,0,0,0,0,--,0,--,0,--
11110,礦石開採,0,0,0,0,0,--,0,--,0,--
11110,(2)臨時稅,0,0,0,0,0,--,0,--,0,--
11110,營建剩餘土石方,0,0,0,0,0,--,0,--,0,--
11110,土石採取 ,0,0,0,0,0,--,0,--,0,--
11110,10.教育捐,0,0,0,0,0,--,0,--,-304,--
11110,(1)房屋稅附徵,0,0,0,0,0,--,0,--,-304,--
11110,(2)娛樂稅附徵,0,0,0,0,0,--,0,--,0,--
11110,(3)契稅附徵,0,0,0,0,0,--,0,--,0,--
11110,二、罰鍰  ,21920254,44973761,5097447,61796568,106559000,58.0,82415000,75.0,70911114,-12.9
11110,1.財務罰鍰,8944909,14767757,89073,23623593,38000000,62.2,30668000,77.0,26193609,-9.8
11110,2.罰金罰鍰,12975345,30206004,5008374,38172975,68559000,55.7,51747000,73.8,44717505,-14.6
11111,一、稅捐收入,61506100527,1500697665,307453922,62699344270,75210000000,83.4,60815831000,103.1,63016528707,-0.5
11111,1.地價稅,15786221294,506053605,107648451,16184626448,28000000000,57.8,15941839000,101.5,15769994750,2.6
11111,2.田賦,0,0,0,0,0,--,0,--,0,--
11111,3.土地增值稅,15124722486,399005219,171166394,15352561311,16800000000,91.4,15158640000,101.3,17062317893,-10.0
11111,4.房屋稅,16072592252,309730856,20480236,16361842872,15900000000,102.9,15575640000,105.0,15703225959,4.2
11111,5.使用牌照稅,7264507217,91817900,4309856,7352015261,7400000000,99.4,7368920000,99.8,7350252065,－
11111,6.契稅,1613593487,25776375,1173986,1638195876,1800000000,91.0,1618621000,101.2,1766469932,-7.3
11111,7.印花稅,5566454285,166084959,2643458,5729895786,5100000000,112.4,4972500000,115.2,5308349843,7.9
11111,8.娛樂稅,78009506,2228751,31541,80206716,210000000,38.2,179671000,44.6,55918569,43.4
11111,9.特別及臨時稅課,0,0,0,0,0,--,0,--,0,--
11111,(1)特別稅,0,0,0,0,0,--,0,--,0,--
11111,營建剩餘土石方,0,0,0,0,0,--,0,--,0,--
11111,土石採取,0,0,0,0,0,--,0,--,0,--
11111,礦石開採,0,0,0,0,0,--,0,--,0,--
11111,(2)臨時稅,0,0,0,0,0,--,0,--,0,--
11111,營建剩餘土石方,0,0,0,0,0,--,0,--,0,--
11111,土石採取 ,0,0,0,0,0,--,0,--,0,--
11111,10.教育捐,0,0,0,0,0,--,0,--,-304,--
11111,(1)房屋稅附徵,0,0,0,0,0,--,0,--,-304,--
11111,(2)娛樂稅附徵,0,0,0,0,0,--,0,--,0,--
11111,(3)契稅附徵,0,0,0,0,0,--,0,--,0,--
11111,二、罰鍰  ,25254185,46857142,6035712,66075615,106559000,62.0,92023000,71.8,84102342,-21.4
11111,1.財務罰鍰,9953956,15673973,115122,25512807,38000000,67.1,33226000,76.8,32714057,-22.0
11111,2.罰金罰鍰,15300229,31183169,5920590,40562808,68559000,59.2,58797000,69.0,51388285,-21.1
11112,一、稅捐收入,75242834555,1904136224,325293771,76821677008,75210000000,102.1,75210000000,102.1,76686227983,0.2
11112,1.地價稅,27609674977,895425120,117716291,28387383806,28000000000,101.4,28000000000,101.4,27139624966,4.6
11112,2.田賦,0,0,0,0,0,--,0,--,0,--
11112,3.土地增值稅,16636656619,400624695,178031462,16859249852,16800000000,100.4,16800000000,100.4,18824195097,-10.4
11112,4.房屋稅,16129160153,319052514,21145479,16427067188,15900000000,103.3,15900000000,103.3,15787280413,4.1
11112,5.使用牌照稅,7289912851,94466899,4353568,7380026182,7400000000,99.7,7400000000,99.7,7389902991,-0.1
11112,6.契稅,1732481227,25783737,1247444,1757017520,1800000000,97.6,1800000000,97.6,1989314751,-11.7
11112,7.印花稅,5757793572,166387921,2766794,5921414699,5100000000,116.1,5100000000,116.1,5494865906,7.8
11112,8.娛樂稅,87155156,2395338,32733,89517761,210000000,42.6,210000000,42.6,61044163,46.6
11112,9.特別及臨時稅課,0,0,0,0,0,--,0,--,0,--
11112,(1)特別稅,0,0,0,0,0,--,0,--,0,--
11112,營建剩餘土石方,0,0,0,0,0,--,0,--,0,--
11112,土石採取,0,0,0,0,0,--,0,--,0,--
11112,礦石開採,0,0,0,0,0,--,0,--,0,--
11112,(2)臨時稅,0,0,0,0,0,--,0,--,0,--
11112,營建剩餘土石方,0,0,0,0,0,--,0,--,0,--
11112,土石採取 ,0,0,0,0,0,--,0,--,0,--
11112,10.教育捐,0,0,0,0,0,--,0,--,-304,--
11112,(1)房屋稅附徵,0,0,0,0,0,--,0,--,-304,--
11112,(2)娛樂稅附徵,0,0,0,0,0,--,0,--,0,--
11112,(3)契稅附徵,0,0,0,0,0,--,0,--,0,--
11112,二、罰鍰  ,31369487,48935484,6738555,73566416,106559000,69.0,106559000,69.0,91481172,-19.6
11112,1.財務罰鍰,11786862,16621191,162560,28245493,38000000,74.3,38000000,74.3,36215626,-22.0
11112,2.罰金罰鍰,19582625,32314293,6575995,45320923,68559000,66.1,68559000,66.1,55265546,-18.0
11201,一、稅捐收入,1854369310,532756677,47526360,2339599627,76720000000,3.0,2794417000,83.7,3232877796,-27.6
11201,1.地價稅,5886139,140276916,15680560,130482495,28000000000,0.5,86979000,150.0,92427820,41.2
11201,2.田賦,0,0,0,0,0,--,0,--,0,--
11201,3.土地增值稅,781537742,289436988,28523557,1042451173,18000000000,5.8,1623600000,64.2,1925475414,-45.9
11201,4.房屋稅,12460837,29055556,1189747,40326646,16100000000,0.3,48300000,83.5,49350308,-18.3
11201,5.使用牌照稅,75268809,12972783,1670096,86571496,7340000000,1.2,110834000,78.1,117087439,-26.1
11201,6.契稅,110386965,14420595,273035,124534525,1900000000,6.6,163590000,76.1,171510280,-27.4
11201,7.印花稅,860355194,46098726,171729,906282191,5200000000,17.4,748280000,121.1,868641940,4.3
11201,8.娛樂稅,8473624,495113,17636,8951101,180000000,5.0,12834000,69.7,8384595,6.8
11201,9.特別及臨時稅課,0,0,0,0,0,--,0,--,0,--
11201,(1)特別稅,0,0,0,0,0,--,0,--,0,--
11201,營建剩餘土石方,0,0,0,0,0,--,0,--,0,--
11201,土石採取,0,0,0,0,0,--,0,--,0,--
11201,礦石開採,0,0,0,0,0,--,0,--,0,--
11201,(2)臨時稅,0,0,0,0,0,--,0,--,0,--
11201,營建剩餘土石方,0,0,0,0,0,--,0,--,0,--
11201,土石採取 ,0,0,0,0,0,--,0,--,0,--
11201,10.教育捐,0,0,0,0,0,--,0,--,0,--
11201,(1)房屋稅附徵,0,0,0,0,0,--,0,--,0,--
11201,(2)娛樂稅附徵,0,0,0,0,0,--,0,--,0,--
11201,(3)契稅附徵,0,0,0,0,0,--,0,--,0,--
11201,二、罰鍰  ,689221,3725237,247905,4166553,83859000,5.0,6337000,65.7,8167902,-49.0
11201,1.財務罰鍰,686107,1228440,34215,1880332,38000000,4.9,2215000,84.9,1899072,-1.0
11201,2.罰金罰鍰,3114,2496797,213690,2286221,45859000,5.0,4122000,55.5,6268830,-63.5
11202,一、稅捐收入,3075198808,696833194,91914081,3680117921,76720000000,4.8,4730959000,77.8,5156178487,-28.6
11202,1.地價稅,10024669,213477854,24571924,198930599,28000000000,0.7,141012000,141.1,156806878,26.9
11202,2.田賦,0,0,0,0,0,--,0,--,0,--
11202,3.土地增值稅,1706403720,331936617,55387181,1982953156,18000000000,11.0,3130200000,63.3,3373942982,-41.2
11202,4.房屋稅,27580423,51136782,8995758,69721447,16100000000,0.4,98210000,71.0,99920809,-30.2
11202,5.使用牌照稅,153235433,29327514,2085347,180477600,7340000000,2.5,196712000,91.7,191033699,-5.5
11202,6.契稅,205460063,15124259,373841,220210481,1900000000,11.6,297350000,74.1,346259492,-36.4
11202,7.印花稅,954099546,54985212,480540,1008604218,5200000000,19.4,844480000,119.4,974388012,3.5
11202,8.娛樂稅,18394954,844956,19490,19220420,180000000,10.7,22995000,83.6,13826615,39.0
11202,9.特別及臨時稅課,0,0,0,0,0,--,0,--,0,--
11202,(1)特別稅,0,0,0,0,0,--,0,--,0,--
11202,營建剩餘土石方,0,0,0,0,0,--,0,--,0,--
11202,土石採取,0,0,0,0,0,--,0,--,0,--
11202,礦石開採,0,0,0,0,0,--,0,--,0,--
11202,(2)臨時稅,0,0,0,0,0,--,0,--,0,--
11202,營建剩餘土石方,0,0,0,0,0,--,0,--,0,--
11202,土石採取 ,0,0,0,0,0,--,0,--,0,--
11202,10.教育捐,0,0,0,0,0,--,0,--,0,--
11202,(1)房屋稅附徵,0,0,0,0,0,--,0,--,0,--
11202,(2)娛樂稅附徵,0,0,0,0,0,--,0,--,0,--
11202,(3)契稅附徵,0,0,0,0,0,--,0,--,0,--
11202,二、罰鍰  ,2068724,9213899,807493,10475130,83859000,12.5,10874000,96.3,13165681,-20.4
11202,1.財務罰鍰,2009846,3040780,41072,5009554,38000000,13.2,4179000,119.9,3583690,39.8
11202,2.罰金罰鍰,58878,6173119,766421,5465576,45859000,11.9,6695000,81.6,9581991,-43.0
11203,一、稅捐收入,5648614554,865032997,125047146,6388600405,76720000000,8.3,7913092000,80.7,8793328479,-27.3
11203,1.地價稅,15201501,284820339,40175028,259846812,28000000000,0.9,191949000,135.4,205425392,26.5
11203,2.田賦,0,0,0,0,0,--,0,--,0,--
11203,3.土地增值稅,2799782084,375519913,70907534,3104394463,18000000000,17.2,4870800000,63.7,5399456962,-42.5
11203,4.房屋稅,50026988,74725577,10234110,114518455,16100000000,0.7,162610000,70.4,165669083,-30.9
11203,5.使用牌照稅,639368544,43380969,2367312,680382201,7340000000,9.3,619496000,109.8,688597489,-1.2
11203,6.契稅,318394039,15061075,850225,332604889,1900000000,17.5,470250000,70.7,546494352,-39.1
11203,7.印花稅,1798303707,70298692,492153,1868110246,5200000000,35.9,1565200000,119.4,1766115749,5.8
11203,8.娛樂稅,27537691,1226432,20784,28743339,180000000,16.0,32787000,87.7,21569452,33.3
11203,9.特別及臨時稅課,0,0,0,0,0,--,0,--,0,--
11203,(1)特別稅,0,0,0,0,0,--,0,--,0,--
11203,營建剩餘土石方,0,0,0,0,0,--,0,--,0,--
11203,土石採取,0,0,0,0,0,--,0,--,0,--
11203,礦石開採,0,0,0,0,0,--,0,--,0,--
11203,(2)臨時稅,0,0,0,0,0,--,0,--,0,--
11203,營建剩餘土石方,0,0,0,0,0,--,0,--,0,--
11203,土石採取 ,0,0,0,0,0,--,0,--,0,--
11203,10.教育捐,0,0,0,0,0,--,0,--,0,--
11203,(1)房屋稅附徵,0,0,0,0,0,--,0,--,0,--
11203,(2)娛樂稅附徵,0,0,0,0,0,--,0,--,0,--
11203,(3)契稅附徵,0,0,0,0,0,--,0,--,0,--
11203,二、罰鍰  ,3777562,13961212,1921001,15817773,83859000,18.9,18068000,87.5,20482352,-22.8
11203,1.財務罰鍰,3617600,4651647,79601,8189646,38000000,21.6,8147000,100.5,6986657,17.2
11203,2.罰金罰鍰,159962,9309565,1841400,7628127,45859000,16.6,9921000,76.9,13495695,-43.5
11204,一、稅捐收入,10027225441,1019489514,144547844,10902167111,76720000000,14.2,13025730000,83.7,13895675148,-21.5
11204,1.地價稅,19854903,362848394,48591071,334112226,28000000000,1.2,253373000,131.9,282951202,18.1
11204,2.田賦,0,0,0,0,0,--,0,--,0,--
11204,3.土地增值稅,3844077893,406462078,80074955,4170465016,18000000000,23.2,6256800000,66.7,6809011759,-38.8
11204,4.房屋稅,206447440,107786224,10830947,303402717,16100000000,1.9,350980000,86.4,357596611,-15.2
11204,5.使用牌照稅,3576568383,51718126,2559831,3625726678,7340000000,49.4,3813130000,95.1,3784216370,-4.2
11204,6.契稅,429128928,15063259,1310802,442881385,1900000000,23.3,622820000,71.1,729814276,-39.3
11204,7.印花稅,1915402020,74125022,1159454,1988367588,5200000000,38.2,1685840000,117.9,1904645097,4.4
11204,8.娛樂稅,35745874,1486411,20784,37211501,180000000,20.7,42787000,87.0,27439833,35.6
11204,9.特別及臨時稅課,0,0,0,0,0,--,0,--,0,--
11204,(1)特別稅,0,0,0,0,0,--,0,--,0,--
11204,營建剩餘土石方,0,0,0,0,0,--,0,--,0,--
11204,土石採取,0,0,0,0,0,--,0,--,0,--
11204,礦石開採,0,0,0,0,0,--,0,--,0,--
11204,(2)臨時稅,0,0,0,0,0,--,0,--,0,--
11204,營建剩餘土石方,0,0,0,0,0,--,0,--,0,--
11204,土石採取 ,0,0,0,0,0,--,0,--,0,--
11204,10.教育捐,0,0,0,0,0,--,0,--,0,--
11204,(1)房屋稅附徵,0,0,0,0,0,--,0,--,0,--
11204,(2)娛樂稅附徵,0,0,0,0,0,--,0,--,0,--
11204,(3)契稅附徵,0,0,0,0,0,--,0,--,0,--
11204,二、罰鍰  ,5262797,17331671,2623173,19971295,83859000,23.8,22514000,88.7,24443977,-18.3
11204,1.財務罰鍰,4994725,6091377,79601,11006501,38000000,29.0,10205000,107.9,8751367,25.8
11204,2.罰金罰鍰,268072,11240294,2543572,8964794,45859000,19.5,12309000,72.8,15692610,-42.9
11205,一、稅捐收入,25103738577,1181619428,161411677,26123946328,76720000000,34.1,27416033000,95.3,28780665500,-9.2
11205,1.地價稅,23566945,412933328,53983781,382516492,28000000000,1.4,290864000,131.5,334819026,14.2
11205,2.田賦,0,0,0,0,0,--,0,--,0,--
11205,3.土地增值稅,5091538277,413450021,86801056,5418187242,18000000000,30.1,7756200000,69.9,8397374457,-35.5
11205,4.房屋稅,10214419539,198415652,11648298,10401186893,16100000000,64.6,9874130000,105.3,10089545584,3.1
11205,5.使用牌照稅,6304819037,60230629,3757330,6361292336,7340000000,86.7,6274232000,101.4,6350448782,0.2
11205,6.契稅,553694956,15073980,1366355,567402581,1900000000,29.9,776340000,73.1,906130534,-37.4
11205,7.印花稅,2869222218,79779848,3834073,2945167993,5200000000,56.6,2391480000,123.2,2665377908,10.5
11205,8.娛樂稅,46477605,1735970,20784,48192791,180000000,26.8,52787000,91.3,36969209,30.4
11205,9.特別及臨時稅課,0,0,0,0,0,--,0,--,0,--
11205,(1)特別稅,0,0,0,0,0,--,0,--,0,--
11205,營建剩餘土石方,0,0,0,0,0,--,0,--,0,--
11205,土石採取,0,0,0,0,0,--,0,--,0,--
11205,礦石開採,0,0,0,0,0,--,0,--,0,--
11205,(2)臨時稅,0,0,0,0,0,--,0,--,0,--
11205,營建剩餘土石方,0,0,0,0,0,--,0,--,0,--
11205,土石採取 ,0,0,0,0,0,--,0,--,0,--
11205,10.教育捐,0,0,0,0,0,--,0,--,0,--
11205,(1)房屋稅附徵,0,0,0,0,0,--,0,--,0,--
11205,(2)娛樂稅附徵,0,0,0,0,0,--,0,--,0,--
11205,(3)契稅附徵,0,0,0,0,0,--,0,--,0,--
11205,二、罰鍰  ,9957314,20884299,3680778,27160835,83859000,32.4,29657000,91.6,31780419,-14.5
11205,1.財務罰鍰,6602708,7197258,99097,13700869,38000000,36.1,13036000,105.1,11178633,22.6
11205,2.罰金罰鍰,3354606,13687041,3581681,13459966,45859000,29.4,16621000,81.0,20601786,-34.7
11206,一、稅捐收入,33023806163,1384886447,205433986,34203258624,76720000000,44.6,35223111000,97.1,36690108105,-6.8
11206,1.地價稅,79168973,444940765,83387221,440722517,28000000000,1.6,314088000,140.3,410785944,7.3
11206,2.田賦,0,0,0,0,0,--,0,--,0,--
11206,3.土地增值稅,6637190223,443386628,99543625,6981033226,18000000000,38.8,9298800000,75.1,9877311852,-29.3
11206,4.房屋稅,15937213855,296535395,13163103,16220586147,16100000000,100.7,15484980000,104.8,15824100646,2.5
11206,5.使用牌照稅,6545502180,66101782,3910754,6607693208,7340000000,90.0,6627286000,99.7,6653418178,-0.7
11206,6.契稅,735386488,15073980,1408958,749051510,1900000000,39.4,909530000,82.4,1052078749,-28.8
11206,7.印花稅,3033054497,116893669,3999541,3145948625,5200000000,60.5,2525640000,124.6,2830643919,11.1
11206,8.娛樂稅,56289947,1954228,20784,58223391,180000000,32.3,62787000,92.7,41768817,39.4
11206,9.特別及臨時稅課,0,0,0,0,0,--,0,--,0,--
11206,(1)特別稅,0,0,0,0,0,--,0,--,0,--
11206,營建剩餘土石方,0,0,0,0,0,--,0,--,0,--
11206,土石採取,0,0,0,0,0,--,0,--,0,--
11206,礦石開採,0,0,0,0,0,--,0,--,0,--
11206,(2)臨時稅,0,0,0,0,0,--,0,--,0,--
11206,營建剩餘土石方,0,0,0,0,0,--,0,--,0,--
11206,土石採取 ,0,0,0,0,0,--,0,--,0,--
11206,10.教育捐,0,0,0,0,0,--,0,--,0,--
11206,(1)房屋稅附徵,0,0,0,0,0,--,0,--,0,--
11206,(2)娛樂稅附徵,0,0,0,0,0,--,0,--,0,--
11206,(3)契稅附徵,0,0,0,0,0,--,0,--,0,--
11206,二、罰鍰  ,14234500,24160484,4677275,33717709,83859000,40.2,39427000,85.5,42070052,-19.9
11206,1.財務罰鍰,7698805,8240423,99650,15839578,38000000,41.7,16859000,94.0,14456939,9.6
11206,2.罰金罰鍰,6535695,15920061,4577625,17878131,45859000,39.0,22568000,79.2,27613113,-35.3
11207,一、稅捐收入,36197642460,1515974816,220907107,37492710169,76720000000,48.9,37799112000,99.2,39289303751,-4.6
11207,1.地價稅,86956637,485705875,85539719,487122793,28000000000,1.7,337561000,144.3,443585530,9.8
11207,2.田賦,0,0,0,0,0,--,0,--,0,--
11207,3.土地增值稅,8409106472,472105890,105866277,8775346085,18000000000,48.8,10672200000,82.2,11154884840,-21.3
11207,4.房屋稅,16061719725,308531212,19851894,16350399043,16100000000,101.6,15666910000,104.4,16009539726,2.1
11207,5.使用牌照稅,6651907750,71830589,4113169,6719625170,7340000000,91.5,6724908000,99.9,6768371758,-0.7
11207,6.契稅,872702298,15078024,1466145,886314177,1900000000,46.6,1045570000,84.8,1183715257,-25.1
11207,7.印花稅,4046682181,160549262,4045536,4203185907,5200000000,80.8,3274440000,128.4,3681131544,14.2
11207,8.娛樂稅,68567397,2173964,24367,70716994,180000000,39.3,77523000,91.2,48075096,47.1
11207,9.特別及臨時稅課,0,0,0,0,0,--,0,--,0,--
11207,(1)特別稅,0,0,0,0,0,--,0,--,0,--
11207,營建剩餘土石方,0,0,0,0,0,--,0,--,0,--
11207,土石採取,0,0,0,0,0,--,0,--,0,--
11207,礦石開採,0,0,0,0,0,--,0,--,0,--
11207,(2)臨時稅,0,0,0,0,0,--,0,--,0,--
11207,營建剩餘土石方,0,0,0,0,0,--,0,--,0,--
11207,土石採取 ,0,0,0,0,0,--,0,--,0,--
11207,10.教育捐,0,0,0,0,0,--,0,--,0,--
11207,(1)房屋稅附徵,0,0,0,0,0,--,0,--,0,--
11207,(2)娛樂稅附徵,0,0,0,0,0,--,0,--,0,--
11207,(3)契稅附徵,0,0,0,0,0,--,0,--,0,--
11207,二、罰鍰  ,17104415,28852047,5624998,40331464,83859000,48.1,46489000,86.8,48118771,-16.2
11207,1.財務罰鍰,9201469,9626920,112001,18716388,38000000,49.3,19935000,93.9,17094384,9.5
11207,2.罰金罰鍰,7902946,19225127,5512997,21615076,45859000,47.1,26554000,81.4,31024387,-30.3
11208,一、稅捐收入,38637456627,1598454048,238144245,39997766430,76720000000,52.1,39805601000,100.5,41060243744,-2.6
11208,1.地價稅,130297021,514553430,89635277,555215174,28000000000,2.0,363717000,152.7,489664405,13.4
11208,2.田賦,0,0,0,0,0,--,0,--,0,--
11208,3.土地增值稅,10187232840,478383618,118256222,10547360236,18000000000,58.6,12097800000,87.2,12287802096,-14.2
11208,4.房屋稅,16226139893,320159793,20580243,16525719443,16100000000,102.6,15786050000,104.7,16130817371,2.4
11208,5.使用牌照稅,6738475724,75421202,4135310,6809761616,7340000000,92.8,6804914000,100.1,6863753074,-0.8
11208,6.契稅,1014624693,15080523,1466145,1028239071,1900000000,54.1,1197380000,85.9,1321092122,-22.2
11208,7.印花稅,4244790018,192459055,4046681,4433202392,5200000000,85.3,3458000000,128.2,3909789878,13.4
11208,8.娛樂稅,95896438,2396427,24367,98268498,180000000,54.6,97740000,100.5,57324798,71.4
11208,9.特別及臨時稅課,0,0,0,0,0,--,0,--,0,--
11208,(1)特別稅,0,0,0,0,0,--,0,--,0,--
11208,營建剩餘土石方,0,0,0,0,0,--,0,--,0,--
11208,土石採取,0,0,0,0,0,--,0,--,0,--
11208,礦石開採,0,0,0,0,0,--,0,--,0,--
11208,(2)臨時稅,0,0,0,0,0,--,0,--,0,--
11208,營建剩餘土石方,0,0,0,0,0,--,0,--,0,--
11208,土石採取 ,0,0,0,0,0,--,0,--,0,--
11208,10.教育捐,0,0,0,0,0,--,0,--,0,--
11208,(1)房屋稅附徵,0,0,0,0,0,--,0,--,0,--
11208,(2)娛樂稅附徵,0,0,0,0,0,--,0,--,0,--
11208,(3)契稅附徵,0,0,0,0,0,--,0,--,0,--
11208,二、罰鍰  ,19397203,32015714,6572035,44840882,83859000,53.5,52642000,85.2,54250635,-17.3
11208,1.財務罰鍰,10722503,10649312,112001,21259814,38000000,55.9,23186000,91.7,19881893,6.9
11208,2.罰金罰鍰,8674700,21366402,6460034,23581068,45859000,51.4,29456000,80.1,34368742,-31.4
11209,一、稅捐收入,40973108164,1678705611,251751681,42400062094,76720000000,55.3,42119683000,100.7,43096327708,-1.6
11209,1.地價稅,104427957,537211865,93368577,548271245,28000000000,2.0,396927000,138.1,569767818,-3.8
11209,2.田賦,0,0,0,0,0,--,0,--,0,--
11209,3.土地增值稅,11277641140,493726988,127322352,11644045776,18000000000,64.7,13320000000,87.4,13153209052,-11.5
11209,4.房屋稅,16348514905,330283311,21238298,16657559918,16100000000,103.5,15877820000,104.9,16224148618,2.7
11209,5.使用牌照稅,6776288690,78295724,4183037,6850401377,7340000000,93.3,6869506000,99.7,6914901204,-0.9
11209,6.契稅,1164364749,15065250,1531106,1177898893,1900000000,62.0,1338170000,88.0,1411058848,-16.5
11209,7.印花稅,5180779887,221548424,4083944,5398244367,5200000000,103.8,4199520000,128.5,4758414674,13.4
11209,8.娛樂稅,121090836,2574049,24367,123640518,180000000,68.7,117740000,105.0,64827494,90.7
11209,9.特別及臨時稅課,0,0,0,0,0,--,0,--,0,--
11209,(1)特別稅,0,0,0,0,0,--,0,--,0,--
11209,營建剩餘土石方,0,0,0,0,0,--,0,--,0,--
11209,土石採取,0,0,0,0,0,--,0,--,0,--
11209,礦石開採,0,0,0,0,0,--,0,--,0,--
11209,(2)臨時稅,0,0,0,0,0,--,0,--,0,--
11209,營建剩餘土石方,0,0,0,0,0,--,0,--,0,--
11209,土石採取 ,0,0,0,0,0,--,0,--,0,--
11209,10.教育捐,0,0,0,0,0,--,0,--,0,--
11209,(1)房屋稅附徵,0,0,0,0,0,--,0,--,0,--
11209,(2)娛樂稅附徵,0,0,0,0,0,--,0,--,0,--
11209,(3)契稅附徵,0,0,0,0,0,--,0,--,0,--
11209,二、罰鍰  ,21862640,34752753,7620698,48994695,83859000,58.4,56930000,86.1,57923696,-15.4
11209,1.財務罰鍰,12401845,11505700,112001,23795544,38000000,62.6,25430000,93.6,21806159,9.1
11209,2.罰金罰鍰,9460795,23247053,7508697,25199151,45859000,54.9,31500000,80.0,36117537,-30.2
11210,一、稅捐收入,43332932761,1793979456,263351306,44863560911,76720000000,58.5,44451349000,100.9,44937622472,-0.2
11210,1.地價稅,605309014,565127305,96598527,1073837792,28000000000,3.8,788321000,136.2,931514690,15.3
11210,2.田賦,0,0,0,0,0,--,0,--,0,--
11210,3.土地增值稅,12683490709,561783127,133924706,13111349130,18000000000,72.8,14679000000,89.3,14204608093,-7.7
11210,4.房屋稅,16392574497,339748620,21661937,16710661180,16100000000,103.8,15945440000,104.8,16307529900,2.5
11210,5.使用牌照稅,6855655176,81687048,5463944,6931878280,7340000000,94.4,7055208000,98.3,7000915243,-1.0
11210,6.契稅,1320903319,15065250,1588766,1334379803,1900000000,70.2,1509360000,88.4,1509047193,-11.6
11210,7.印花稅,5333647593,227806752,4088478,5557365867,5200000000,106.9,4336280000,128.2,4912095261,13.1
11210,8.娛樂稅,141352453,2761354,24948,144088859,180000000,80.0,137740000,104.6,71912092,100.4
11210,9.特別及臨時稅課,0,0,0,0,0,--,0,--,0,--
11210,(1)特別稅,0,0,0,0,0,--,0,--,0,--
11210,營建剩餘土石方,0,0,0,0,0,--,0,--,0,--
11210,土石採取,0,0,0,0,0,--,0,--,0,--
11210,礦石開採,0,0,0,0,0,--,0,--,0,--
11210,(2)臨時稅,0,0,0,0,0,--,0,--,0,--
11210,營建剩餘土石方,0,0,0,0,0,--,0,--,0,--
11210,土石採取 ,0,0,0,0,0,--,0,--,0,--
11210,10.教育捐,0,0,0,0,0,--,0,--,0,--
11210,(1)房屋稅附徵,0,0,0,0,0,--,0,--,0,--
11210,(2)娛樂稅附徵,0,0,0,0,0,--,0,--,0,--
11210,(3)契稅附徵,0,0,0,0,0,--,0,--,0,--
11210,二、罰鍰  ,24651033,37105857,9040063,52716827,83859000,62.9,63165000,83.5,61796568,-14.7
11210,1.財務罰鍰,13832264,12313462,138729,26006997,38000000,68.4,29450000,88.3,23623593,10.1
11210,2.罰金罰鍰,10818769,24792395,8901334,26709830,45859000,58.2,33715000,79.2,38172975,-30.0
11211,一、稅捐收入,61077707797,1860774663,276872517,62661609943,76720000000,81.7,62024858000,101.0,62699344270,-0.1
11211,1.地價稅,15690457859,608472022,101804864,16197125017,28000000000,57.8,15627284000,103.6,16184626448,0.1
11211,2.田賦,0,0,0,0,0,--,0,--,0,--
11211,3.土地增值稅,13842217411,566347412,141052595,14267512228,18000000000,79.3,16173000000,88.2,15352561311,-7.1
11211,4.房屋稅,16456682279,349584739,22396880,16783870138,16100000000,104.2,16019500000,104.8,16361842872,2.6
11211,5.使用牌照稅,7218355495,84765154,5777270,7297343379,7340000000,99.4,7307704000,99.9,7352015261,-0.7
11211,6.契稅,1456506311,15059892,1715077,1469851126,1900000000,77.4,1688910000,87.0,1638195876,-10.3
11211,7.印花稅,6251010142,233581855,4099338,6480492659,5200000000,124.6,5049720000,128.3,5729895786,13.1
11211,8.娛樂稅,162478300,2963589,26163,165415726,180000000,91.9,158740000,104.2,80206716,106.2
11211,9.特別及臨時稅課,0,0,0,0,0,--,0,--,0,--
11211,(1)特別稅,0,0,0,0,0,--,0,--,0,--
11211,營建剩餘土石方,0,0,0,0,0,--,0,--,0,--
11211,土石採取,0,0,0,0,0,--,0,--,0,--
11211,礦石開採,0,0,0,0,0,--,0,--,0,--
11211,(2)臨時稅,0,0,0,0,0,--,0,--,0,--
11211,營建剩餘土石方,0,0,0,0,0,--,0,--,0,--
11211,土石採取 ,0,0,0,0,0,--,0,--,0,--
11211,10.教育捐,0,0,330,-330,0,--,0,--,0,--
11211,(1)房屋稅附徵,0,0,330,-330,0,--,0,--,0,--
11211,(2)娛樂稅附徵,0,0,0,0,0,--,0,--,0,--
11211,(3)契稅附徵,0,0,0,0,0,--,0,--,0,--
11211,二、罰鍰  ,28398870,39314085,9834700,57878255,83859000,69.0,71179000,81.3,66075615,-12.4
11211,1.財務罰鍰,15233170,13468834,138729,28563275,38000000,75.2,32433000,88.1,25512807,12.0
11211,2.罰金罰鍰,13165700,25845251,9695971,29314980,45859000,63.9,38746000,75.7,40562808,-27.7
11212,一、稅捐收入,74664066735,1951041018,294900645,76320207108,76720000000,99.5,76720000000,99.5,76821677008,-0.7
11212,1.地價稅,27548204165,652655865,109190654,28091669376,28000000000,100.3,28000000000,100.3,28387383806,-1.0
11212,2.田賦,0,0,0,0,0,--,0,--,0,--
11212,3.土地增值稅,15162742455,569131867,149654254,15582220068,18000000000,86.6,18000000000,86.6,16859249852,-7.6
11212,4.房屋稅,16512140022,359282306,23329604,16848092724,16100000000,104.6,16100000000,104.6,16427067188,2.6
11212,5.使用牌照稅,7239035950,87755804,6002517,7320789237,7340000000,99.7,7340000000,99.7,7380026182,-0.8
11212,6.契稅,1618881175,15059892,2592101,1631348966,1900000000,85.9,1900000000,85.9,1757017520,-7.2
11212,7.印花稅,6402121804,264066625,4102238,6662086191,5200000000,128.1,5200000000,128.1,5921414699,12.5
11212,8.娛樂稅,180941164,3088659,28947,184000876,180000000,102.2,180000000,102.2,89517761,105.5
11212,9.特別及臨時稅課,0,0,0,0,0,--,0,--,0,--
11212,(1)特別稅,0,0,0,0,0,--,0,--,0,--
11212,營建剩餘土石方,0,0,0,0,0,--,0,--,0,--
11212,土石採取,0,0,0,0,0,--,0,--,0,--
11212,礦石開採,0,0,0,0,0,--,0,--,0,--
11212,(2)臨時稅,0,0,0,0,0,--,0,--,0,--
11212,營建剩餘土石方,0,0,0,0,0,--,0,--,0,--
11212,土石採取 ,0,0,0,0,0,--,0,--,0,--
11212,10.教育捐,0,0,330,-330,0,--,0,--,0,--
11212,(1)房屋稅附徵,0,0,330,-330,0,--,0,--,0,--
11212,(2)娛樂稅附徵,0,0,0,0,0,--,0,--,0,--
11212,(3)契稅附徵,0,0,0,0,0,--,0,--,0,--
11212,二、罰鍰  ,35693790,43555332,12005295,67243827,83859000,80.2,83859000,80.2,73566416,-8.6
11212,1.財務罰鍰,17186151,14873992,164908,31895235,38000000,83.9,38000000,83.9,28245493,12.9
11212,2.罰金罰鍰,18507639,28681340,11840387,35348592,45859000,77.1,45859000,77.1,45320923,-22.0
11301,一、稅捐收入,2910533366,453796146,96787104,3267542408,77049000000,4.2,2814582000,116.1,2339599627,39.7
11301,1.地價稅,6371744,169008442,53244116,122136070,28300000000,0.4,96933000,126.0,130482495,-6.4
11301,2.田賦,0,0,0,0,0,--,0,--,0,--
11301,3.土地增值稅,1566457349,167467911,36759355,1697165905,17200000000,9.9,1620240000,104.7,1042451173,62.8
11301,4.房屋稅,23460476,25932067,2470276,46922267,16869000000,0.3,40486000,115.9,40326646,16.4
11301,5.使用牌照稅,93132848,19729334,2778481,110083701,7300000000,1.5,105120000,104.7,86571496,27.2
11301,6.契稅,215971249,30068886,1323607,244716528,1900000000,12.9,185517000,131.9,124534525,96.5
11301,7.印花稅,984928307,40427918,195431,1025160794,5300000000,19.3,749420000,136.8,906282191,13.1
11301,8.娛樂稅,20211393,1161588,15838,21357143,180000000,11.9,16866000,126.6,8951101,138.6
11301,9.特別及臨時稅課,0,0,0,0,0,--,0,--,0,--
11301,(1)特別稅,0,0,0,0,0,--,0,--,0,--
11301,營建剩餘土石方,0,0,0,0,0,--,0,--,0,--
11301,土石採取,0,0,0,0,0,--,0,--,0,--
11301,礦石開採,0,0,0,0,0,--,0,--,0,--
11301,(2)臨時稅,0,0,0,0,0,--,0,--,0,--
11301,營建剩餘土石方,0,0,0,0,0,--,0,--,0,--
11301,土石採取 ,0,0,0,0,0,--,0,--,0,--
11301,10.教育捐,0,0,0,0,0,--,0,--,0,--
11301,(1)房屋稅附徵,0,0,0,0,0,--,0,--,0,--
11301,(2)娛樂稅附徵,0,0,0,0,0,--,0,--,0,--
11301,(3)契稅附徵,0,0,0,0,0,--,0,--,0,--
11301,二、罰鍰  ,767494,7561798,714086,7615206,82800000,9.2,6011000,126.7,4166553,82.8
11301,1.財務罰鍰,720694,2193234,19483,2894445,34000000,8.5,2040000,141.9,1880332,53.9
11301,2.罰金罰鍰,46800,5368564,694603,4720761,48800000,9.7,3971000,118.9,2286221,106.5
11302,一、稅捐收入,4312953610,573455359,131774916,4754634053,77049000000,6.2,4454805000,106.7,3680117921,29.2
11302,1.地價稅,15733148,230354048,64336912,181750284,28300000000,0.6,152823000,118.9,198930599,-8.6
11302,2.田賦,0,0,0,0,0,--,0,--,0,--
11302,3.土地增值稅,2608504645,191158432,57329556,2742333521,17200000000,15.9,2853480000,96.1,1982953156,38.3
11302,4.房屋稅,46648573,42988942,3377910,86259605,16869000000,0.5,69163000,124.7,69721447,23.7
11302,5.使用牌照稅,162203471,31026084,3096690,190132865,7300000000,2.6,190530000,99.8,180477600,5.3
11302,6.契稅,317072072,30107053,1399720,345779405,1900000000,18.2,322539000,107.2,220210481,57.0
11302,7.印花稅,1128203904,46256244,2209078,1172251070,5300000000,22.1,838460000,139.8,1008604218,16.2
11302,8.娛樂稅,34587797,1564556,25050,36127303,180000000,20.1,27810000,129.9,19220420,88.0
11302,9.特別及臨時稅課,0,0,0,0,0,--,0,--,0,--
11302,(1)特別稅,0,0,0,0,0,--,0,--,0,--
11302,營建剩餘土石方,0,0,0,0,0,--,0,--,0,--
11302,土石採取,0,0,0,0,0,--,0,--,0,--
11302,礦石開採,0,0,0,0,0,--,0,--,0,--
11302,(2)臨時稅,0,0,0,0,0,--,0,--,0,--
11302,營建剩餘土石方,0,0,0,0,0,--,0,--,0,--
11302,土石採取 ,0,0,0,0,0,--,0,--,0,--
11302,10.教育捐,0,0,0,0,0,--,0,--,0,--
11302,(1)房屋稅附徵,0,0,0,0,0,--,0,--,0,--
11302,(2)娛樂稅附徵,0,0,0,0,0,--,0,--,0,--
11302,(3)契稅附徵,0,0,0,0,0,--,0,--,0,--
11302,二、罰鍰  ,1701016,11415823,904450,12212389,82800000,14.7,10371000,117.8,10475130,16.6
11302,1.財務罰鍰,1464115,3491197,19512,4935800,34000000,14.5,3740000,132.0,5009554,-1.5
11302,2.罰金罰鍰,236901,7924626,884938,7276589,48800000,14.9,6631000,109.7,5465576,33.1
11303,一、稅捐收入,7597309460,687811350,186702615,8098418195,77049000000,10.5,7499574000,108.0,6388600405,26.8
11303,1.地價稅,43439648,297423786,102380080,238483354,28300000000,0.8,199839000,119.3,259846812,-8.2
11303,2.田賦,0,0,0,0,0,--,0,--,0,--
11303,3.土地增值稅,4248330015,208197944,69957154,4386570805,17200000000,25.5,4432440000,99.0,3104394463,41.3
11303,4.房屋稅,80604051,60245009,6894965,133954095,16869000000,0.8,114709000,116.8,114518455,17.0
11303,5.使用牌照稅,584984034,42887318,3600947,624270405,7300000000,8.6,673790000,92.7,680382201,-8.2
11303,6.契稅,460285055,30127756,1593638,488819173,1900000000,25.7,493116000,99.1,332604889,47.0
11303,7.印花稅,2127796677,46733997,2214125,2172316549,5300000000,41.0,1542300000,140.8,1868110246,16.3
11303,8.娛樂稅,51869980,2195540,61706,54003814,180000000,30.0,43380000,124.5,28743339,87.9
11303,9.特別及臨時稅課,0,0,0,0,0,--,0,--,0,--
11303,(1)特別稅,0,0,0,0,0,--,0,--,0,--
11303,營建剩餘土石方,0,0,0,0,0,--,0,--,0,--
11303,土石採取,0,0,0,0,0,--,0,--,0,--
11303,礦石開採,0,0,0,0,0,--,0,--,0,--
11303,(2)臨時稅,0,0,0,0,0,--,0,--,0,--
11303,營建剩餘土石方,0,0,0,0,0,--,0,--,0,--
11303,土石採取 ,0,0,0,0,0,--,0,--,0,--
11303,10.教育捐,0,0,0,0,0,--,0,--,0,--
11303,(1)房屋稅附徵,0,0,0,0,0,--,0,--,0,--
11303,(2)娛樂稅附徵,0,0,0,0,0,--,0,--,0,--
11303,(3)契稅附徵,0,0,0,0,0,--,0,--,0,--
11303,二、罰鍰  ,2800670,15970327,9978829,8792168,82800000,10.6,17366000,50.6,15817773,-44.4
11303,1.財務罰鍰,2442050,5192486,51834,7582702,34000000,22.3,7290000,104.0,8189646,-7.4
11303,2.罰金罰鍰,358620,10777841,9926995,1209466,48800000,2.5,10076000,12.0,7628127,-84.1
11304,一、稅捐收入,12831297619,793170254,204533492,13419934381,77049000000,17.4,12325657000,108.9,10902167111,23.1
11304,1.地價稅,53892378,367205637,109310854,311787161,28300000000,1.1,258164000,120.8,334112226,-6.7
11304,2.田賦,0,0,0,0,0,--,0,--,0,--
11304,3.土地增值稅,5651389593,227828199,79358486,5799859306,17200000000,33.7,5701800000,101.7,4170465016,39.1
11304,4.房屋稅,563675068,55814263,7822259,611667072,16869000000,3.6,303642000,201.4,303402717,101.6
11304,5.使用牌照稅,3637519591,52632029,4129670,3686021950,7300000000,50.5,3699980000,99.6,3625726678,1.7
11304,6.契稅,595338767,29985007,1599620,623724154,1900000000,32.8,655234000,95.2,442881385,40.8
11304,7.印花稅,2252856104,57128622,2226665,2307758061,5300000000,43.5,1651649000,139.7,1988367588,16.1
11304,8.娛樂稅,76626118,2576497,85938,79116677,180000000,44.0,55188000,143.4,37211501,112.6
11304,9.特別及臨時稅課,0,0,0,0,0,--,0,--,0,--
11304,(1)特別稅,0,0,0,0,0,--,0,--,0,--
11304,營建剩餘土石方,0,0,0,0,0,--,0,--,0,--
11304,土石採取,0,0,0,0,0,--,0,--,0,--
11304,礦石開採,0,0,0,0,0,--,0,--,0,--
11304,(2)臨時稅,0,0,0,0,0,--,0,--,0,--
11304,營建剩餘土石方,0,0,0,0,0,--,0,--,0,--
11304,土石採取 ,0,0,0,0,0,--,0,--,0,--
11304,10.教育捐,0,0,0,0,0,--,0,--,0,--
11304,(1)房屋稅附徵,0,0,0,0,0,--,0,--,0,--
11304,(2)娛樂稅附徵,0,0,0,0,0,--,0,--,0,--
11304,(3)契稅附徵,0,0,0,0,0,--,0,--,0,--
11304,二、罰鍰  ,3903548,19685076,10161564,13427060,82800000,16.2,22448000,59.8,19971295,-32.8
11304,1.財務罰鍰,3461384,6636451,51834,10046001,34000000,29.5,10282000,97.7,11006501,-8.7
11304,2.罰金罰鍰,442164,13048625,10109730,3381059,48800000,6.9,12166000,27.8,8964794,-62.3
11305,一、稅捐收入,28183485492,897226835,259517029,28821195298,77049000000,37.4,27452559000,105.0,26123946328,10.3
11305,1.地價稅,73693213,426857207,132536568,368013852,28300000000,1.3,301098000,122.2,382516492,-3.8
11305,2.田賦,0,0,0,0,0,--,0,--,0,--
11305,3.土地增值稅,6935629658,241846729,104577470,7072898917,17200000000,41.1,7132840000,99.2,5418187242,30.5
11305,4.房屋稅,10875665916,71186908,11224614,10935628210,16869000000,64.8,10425042000,104.9,10401186893,5.1
11305,5.使用牌照稅,6214669243,61476275,6576305,6269569213,7300000000,85.9,6328598000,99.1,6361292336,-1.4
11305,6.契稅,758701939,29994100,1768269,786927770,1900000000,41.4,826890000,95.2,567402581,38.7
11305,7.印花稅,3231599075,63060325,2747744,3291911656,5300000000,62.1,2363733000,139.3,2945167993,11.8
11305,8.娛樂稅,93526448,2805291,86059,96245680,180000000,53.5,74358000,129.4,48192791,99.7
11305,9.特別及臨時稅課,0,0,0,0,0,--,0,--,0,--
11305,(1)特別稅,0,0,0,0,0,--,0,--,0,--
11305,營建剩餘土石方,0,0,0,0,0,--,0,--,0,--
11305,土石採取,0,0,0,0,0,--,0,--,0,--
11305,礦石開採,0,0,0,0,0,--,0,--,0,--
11305,(2)臨時稅,0,0,0,0,0,--,0,--,0,--
11305,營建剩餘土石方,0,0,0,0,0,--,0,--,0,--
11305,土石採取 ,0,0,0,0,0,--,0,--,0,--
11305,10.教育捐,0,0,0,0,0,--,0,--,0,--
11305,(1)房屋稅附徵,0,0,0,0,0,--,0,--,0,--
11305,(2)娛樂稅附徵,0,0,0,0,0,--,0,--,0,--
11305,(3)契稅附徵,0,0,0,0,0,--,0,--,0,--
11305,二、罰鍰  ,6765777,23917801,11141981,19541597,82800000,23.6,30984000,63.1,27160835,-28.1
11305,1.財務罰鍰,4387023,8014853,52712,12349164,34000000,36.3,13138000,94.0,13700869,-9.9
11305,2.罰金罰鍰,2378754,15902948,11089269,7192433,48800000,14.7,17846000,40.3,13459966,-46.6
11306,一、稅捐收入,36424503298,1004066152,282161931,37146407519,77049000000,48.2,35611556000,104.3,34203258624,8.6
11306,1.地價稅,80546148,457706160,141474832,396777476,28300000000,1.4,323092000,122.8,440722517,-10.0
11306,2.田賦,0,0,0,0,0,--,0,--,0,--
11306,3.土地增值稅,8045477953,246762102,115604637,8176635418,17200000000,47.5,8852840000,92.4,6981033226,17.1
11306,4.房屋稅,17439597582,107916924,13238855,17534275651,16869000000,103.9,16258342000,107.8,16220586147,8.1
11306,5.使用牌照稅,6448798171,66891385,6797975,6508891581,7300000000,89.2,6589671000,98.8,6607693208,-1.5
11306,6.契稅,914014421,29996898,1986421,942024898,1900000000,49.6,998958000,94.3,749051510,25.8
11306,7.印花稅,3386018112,91718463,2970445,3474766130,5300000000,65.6,2504647000,138.7,3145948625,10.5
11306,8.娛樂稅,110050911,3074220,88766,113036365,180000000,62.8,84006000,134.6,58223391,94.1
11306,9.特別及臨時稅課,0,0,0,0,0,--,0,--,0,--
11306,(1)特別稅,0,0,0,0,0,--,0,--,0,--
11306,營建剩餘土石方,0,0,0,0,0,--,0,--,0,--
11306,土石採取,0,0,0,0,0,--,0,--,0,--
11306,礦石開採,0,0,0,0,0,--,0,--,0,--
11306,(2)臨時稅,0,0,0,0,0,--,0,--,0,--
11306,營建剩餘土石方,0,0,0,0,0,--,0,--,0,--
11306,土石採取 ,0,0,0,0,0,--,0,--,0,--
11306,10.教育捐,0,0,0,0,0,--,0,--,0,--
11306,(1)房屋稅附徵,0,0,0,0,0,--,0,--,0,--
11306,(2)娛樂稅附徵,0,0,0,0,0,--,0,--,0,--
11306,(3)契稅附徵,0,0,0,0,0,--,0,--,0,--
11306,二、罰鍰  ,11542063,27357875,11410418,27489520,82800000,33.2,38822000,70.8,33717709,-18.5
11306,1.財務罰鍰,5031561,9143072,54062,14120571,34000000,41.5,15416000,91.6,15839578,-10.9
11306,2.罰金罰鍰,6510502,18214803,11356356,13368949,48800000,27.4,23406000,57.1,17878131,-25.2
11307,一、稅捐收入,39395744025,1121880673,349133824,40168490874,77049000000,52.1,38262533000,105.0,37492710169,7.1
11307,1.地價稅,93407997,502771404,198745638,397433763,28300000000,1.4,355629000,111.8,487122793,-18.4
11307,2.田賦,0,0,0,0,0,--,0,--,0,--
11307,3.土地增值稅,9409596683,252194742,123967653,9537823772,17200000000,55.5,10316560000,92.5,8775346085,8.7
11307,4.房屋稅,17703250396,113709622,14367989,17802592029,16869000000,105.5,16388233000,108.6,16350399043,8.9
11307,5.使用牌照稅,6503617727,72131787,6961120,6568788394,7300000000,90.0,6685751000,98.3,6719625170,-2.2
11307,6.契稅,1091950065,30001049,2031856,1119919258,1900000000,58.9,1138694000,98.4,886314177,26.4
11307,7.印花稅,4455656622,147659108,2970445,4600345285,5300000000,86.8,3280988000,140.2,4203185907,9.4
11307,8.娛樂稅,138264535,3412961,89123,141588373,180000000,78.7,96678000,146.5,70716994,100.2
11307,9.特別及臨時稅課,0,0,0,0,0,--,0,--,0,--
11307,(1)特別稅,0,0,0,0,0,--,0,--,0,--
11307,營建剩餘土石方,0,0,0,0,0,--,0,--,0,--
11307,土石採取,0,0,0,0,0,--,0,--,0,--
11307,礦石開採,0,0,0,0,0,--,0,--,0,--
11307,(2)臨時稅,0,0,0,0,0,--,0,--,0,--
11307,營建剩餘土石方,0,0,0,0,0,--,0,--,0,--
11307,土石採取 ,0,0,0,0,0,--,0,--,0,--
11307,10.教育捐,0,0,0,0,0,--,0,--,0,--
11307,(1)房屋稅附徵,0,0,0,0,0,--,0,--,0,--
11307,(2)娛樂稅附徵,0,0,0,0,0,--,0,--,0,--
11307,(3)契稅附徵,0,0,0,0,0,--,0,--,0,--
11307,二、罰鍰  ,15228125,31761333,13112843,33876615,82800000,40.9,46682000,72.6,40331464,-16.0
11307,1.財務罰鍰,6353805,10133529,54062,16433272,34000000,48.3,18476000,88.9,18716388,-12.2
11307,2.罰金罰鍰,8874320,21627804,13058781,17443343,48800000,35.7,28206000,61.8,21615076,-19.3
11308,一、稅捐收入,41297066287,1203420060,370334220,42130152127,77049000000,54.7,40495001000,104.0,39997766430,5.3
11308,1.地價稅,107907782,530121802,212715681,425313903,28300000000,1.5,389985000,109.1,555215174,-23.4
11308,2.田賦,0,0,0,0,0,-- ,0,-- ,0,-- 
11308,3.土地增值稅,10743399114,261030783,129537881,10874892016,17200000000,63.2,11907560000,91.3,10547360236,3.1
11308,4.房屋稅,17778231843,119661229,15182513,17882710559,16869000000,106.0,16563671000,108.0,16525719443,8.2
11308,5.使用牌照稅,6581669902,75798774,7074790,6650393886,7300000000,91.1,6769904000,98.2,6809761616,-2.3
11308,6.契稅,1256998308,30003197,2751094,1284250411,1900000000,67.6,1288379000,99.7,1028239071,24.9
11308,7.印花稅,4663189483,183213349,2979870,4843422962,5300000000,91.4,3460230000,140.0,4433202392,9.3
11308,8.娛樂稅,165669855,3590926,92391,169168390,180000000,94.0,115272000,146.8,98268498,72.1
11308,9.特別及臨時稅課,0,0,0,0,0,-- ,0,-- ,0,-- 
11308,(1)特別稅,0,0,0,0,0,-- ,0,-- ,0,-- 
11308,營建剩餘土石方,0,0,0,0,0,-- ,0,-- ,0,-- 
11308,土石採取,0,0,0,0,0,-- ,0,-- ,0,-- 
11308,礦石開採,0,0,0,0,0,-- ,0,-- ,0,-- 
11308,(2)臨時稅,0,0,0,0,0,-- ,0,-- ,0,-- 
11308,營建剩餘土石方,0,0,0,0,0,-- ,0,-- ,0,-- 
11308,土石採取 ,0,0,0,0,0,-- ,0,-- ,0,-- 
11308,10.教育捐,0,0,0,0,0,-- ,0,-- ,0,-- 
11308,(1)房屋稅附徵,0,0,0,0,0,-- ,0,-- ,0,-- 
11308,(2)娛樂稅附徵,0,0,0,0,0,-- ,0,-- ,0,-- 
11308,(3)契稅附徵,0,0,0,0,0,-- ,0,-- ,0,-- 
11308,二、罰鍰  ,16933482,35052935,13421335,38565082,82800000,46.6,52392000,73.6,44840882,-14.0
11308,1.財務罰鍰,7350417,11051198,54062,18347553,34000000,54.0,21196000,86.6,21259814,-13.7
11308,2.罰金罰鍰,9583065,24001737,13367273,20217529,48800000,41.4,31196000,64.8,23581068,-14.3
11309,一、稅捐收入,44382210828,1252558739,394088763,45240680804,77049000000,58.7,42694397000,106.0,42400062094,6.7
11309,1.地價稅,114913530,555871439,226163869,444621100,28300000000,1.6,412651000,107.7,548271245,-18.9
11309,2.田賦,0,0,0,0,0,-- ,0,-- ,0,-- 
11309,3.土地增值稅,12400342723,264057511,132640376,12531759858,17200000000,72.9,12977400000,96.6,11644045776,7.6
11309,4.房屋稅,17850318069,124870898,15711149,17959477818,16869000000,106.5,16695249000,107.6,16657559918,7.8
11309,5.使用牌照稅,6654253097,78759897,7323391,6725689603,7300000000,92.1,6832190000,98.4,6850401377,-1.8
11309,6.契稅,1458908017,30009419,9071815,1479845621,1900000000,77.9,1426514000,103.7,1177898893,25.6
11309,7.印花稅,5712338773,195282266,3083671,5904537368,5300000000,111.4,4220037000,139.9,5398244367,9.4
11309,8.娛樂稅,191136619,3707309,94492,194749436,180000000,108.2,130356000,149.4,123640518,57.5
11309,9.特別及臨時稅課,0,0,0,0,0,-- ,0,-- ,0,-- 
11309,(1)特別稅,0,0,0,0,0,-- ,0,-- ,0,-- 
11309,營建剩餘土石方,0,0,0,0,0,-- ,0,-- ,0,-- 
11309,土石採取,0,0,0,0,0,-- ,0,-- ,0,-- 
11309,礦石開採,0,0,0,0,0,-- ,0,-- ,0,-- 
11309,(2)臨時稅,0,0,0,0,0,-- ,0,-- ,0,-- 
11309,營建剩餘土石方,0,0,0,0,0,-- ,0,-- ,0,-- 
11309,土石採取 ,0,0,0,0,0,-- ,0,-- ,0,-- 
11309,10.教育捐,0,0,0,0,0,-- ,0,-- ,0,-- 
11309,(1)房屋稅附徵,0,0,0,0,0,-- ,0,-- ,0,-- 
11309,(2)娛樂稅附徵,0,0,0,0,0,-- ,0,-- ,0,-- 
11309,(3)契稅附徵,0,0,0,0,0,-- ,0,-- ,0,-- 
11309,二、罰鍰  ,18408562,37599691,13883256,42124997,82800000,50.9,57852000,72.8,48994695,-14.0
11309,1.財務罰鍰,8255941,12015943,58581,20213303,34000000,59.5,23916000,84.5,23795544,-15.1
11309,2.罰金罰鍰,10152621,25583748,13824675,21911694,48800000,44.9,33936000,64.6,25199151,-13.0
11310,一、稅捐收入,46757245952,1298296491,406160091,47649382352,77049000000,61.8,44911381000,106.1,44863560911,6.2
11310,1.地價稅,631335214,581712588,231780705,981267097,28300000000,3.5,862100000,113.8,1073837792,-8.6
11310,2.田賦,0,0,0,0,0,-- ,0,-- ,0,-- 
11310,3.土地增值稅,13816878468,266180343,138467533,13944591278,17200000000,81.1,14284600000,97.6,13111349130,6.4
11310,4.房屋稅,17890233013,131092767,16000972,18005324808,16869000000,106.7,16749230000,107.5,16710661180,7.7
11310,5.使用牌照稅,6729722336,81261813,7538142,6803446007,7300000000,93.2,6919656000,98.3,6931878280,-1.9
11310,6.契稅,1627130804,30012059,9188006,1647954857,1900000000,86.7,1581983000,104.2,1334379803,23.5
11310,7.印花稅,5854345739,204171584,3089996,6055427327,5300000000,114.3,4369218000,138.6,5557365867,9.0
11310,8.娛樂稅,207600378,3865337,94737,211370978,180000000,117.4,144594000,146.2,144088859,46.7
11310,9.特別及臨時稅課,0,0,0,0,0,-- ,0,-- ,0,-- 
11310,(1)特別稅,0,0,0,0,0,-- ,0,-- ,0,-- 
11310,營建剩餘土石方,0,0,0,0,0,-- ,0,-- ,0,-- 
11310,土石採取,0,0,0,0,0,-- ,0,-- ,0,-- 
11310,礦石開採,0,0,0,0,0,-- ,0,-- ,0,-- 
11310,(2)臨時稅,0,0,0,0,0,-- ,0,-- ,0,-- 
11310,營建剩餘土石方,0,0,0,0,0,-- ,0,-- ,0,-- 
11310,土石採取 ,0,0,0,0,0,-- ,0,-- ,0,-- 
11310,10.教育捐,0,0,0,0,0,-- ,0,-- ,0,-- 
11310,(1)房屋稅附徵,0,0,0,0,0,-- ,0,-- ,0,-- 
11310,(2)娛樂稅附徵,0,0,0,0,0,-- ,0,-- ,0,-- 
11310,(3)契稅附徵,0,0,0,0,0,-- ,0,-- ,0,-- 
11310,二、罰鍰  ,20441593,39677181,14195425,45923349,82800000,55.5,63178000,72.7,52716827,-12.9
11310,1.財務罰鍰,9529094,12687190,61330,22154954,34000000,65.2,26262000,84.4,26006997,-14.8
11310,2.罰金罰鍰,10912499,26989991,14134095,23768395,48800000,48.7,36916000,64.4,26709830,-11.0
11311,一、稅捐收入,64383308588,1393475390,433350402,65343433576,77049000000,84.8,62712311000,104.2,62661609943,4.3
11311,1.地價稅,15734590613,657838352,250294248,16142134717,28300000000,57.0,16036808000,100.7,16197125017,-0.3
11311,2.田賦,0,0,0,0,0,-- ,0,-- ,0,-- 
11311,3.土地增值稅,14786292424,271266730,143484797,14914074357,17200000000,86.7,15566000000,95.8,14267512228,4.5
11311,4.房屋稅,17912756624,135782267,17008514,18031530377,16869000000,106.9,16803211000,107.3,16783870138,7.4
11311,5.使用牌照稅,7097359961,83511915,10092271,7170779605,7300000000,98.2,7270183000,98.6,7297343379,-1.7
11311,6.契稅,1786873621,30009587,9245812,1807637396,1900000000,95.1,1738665000,104.0,1469851126,23.0
11311,7.印花稅,6832784659,210896689,3130023,7040551325,5300000000,132.8,5136164000,137.1,6480492659,8.6
11311,8.娛樂稅,232650686,4169850,94737,236725799,180000000,131.5,161280000,146.8,165415726,43.1
11311,9.特別及臨時稅課,0,0,0,0,0,-- ,0,-- ,0,-- 
11311,(1)特別稅,0,0,0,0,0,-- ,0,-- ,0,-- 
11311,營建剩餘土石方,0,0,0,0,0,-- ,0,-- ,0,-- 
11311,土石採取,0,0,0,0,0,-- ,0,-- ,0,-- 
11311,礦石開採,0,0,0,0,0,-- ,0,-- ,0,-- 
11311,(2)臨時稅,0,0,0,0,0,-- ,0,-- ,0,-- 
11311,營建剩餘土石方,0,0,0,0,0,-- ,0,-- ,0,-- 
11311,土石採取 ,0,0,0,0,0,-- ,0,-- ,0,-- 
11311,10.教育捐,0,0,0,0,0,-- ,0,-- ,-330,-- 
11311,(1)房屋稅附徵,0,0,0,0,0,-- ,0,-- ,-330,-- 
11311,(2)娛樂稅附徵,0,0,0,0,0,-- ,0,-- ,0,-- 
11311,(3)契稅附徵,0,0,0,0,0,-- ,0,-- ,0,-- 
11311,二、罰鍰  ,22959656,47344749,15090793,55213612,82800000,66.7,69393000,79.6,57878255,-4.6
11311,1.財務罰鍰,11047844,13503829,69260,24482413,34000000,72.0,28982000,84.5,28563275,-14.3
11311,2.罰金罰鍰,11911812,33840920,15021533,30731199,48800000,63.0,40411000,76.0,29314980,4.8
11312,一、稅捐收入,79067602705,1436021968,462644601,80040980072,77049000000,103.9,77049000000,103.9,76320207108,4.9
11312,1.地價稅,28656688111,688403760,262372224,29082719647,28300000000,102.8,28300000000,102.8,28091669376,3.5
11312,2.田賦,0,0,0,0,0,-- ,0,-- ,0,-- 
11312,3.土地增值稅,15887748654,271747002,152811502,16006684154,17200000000,93.1,17200000000,93.1,15582220068,2.7
11312,4.房屋稅,17941282184,140657466,23194153,18058745497,16869000000,107.1,16869000000,107.1,16848092724,7.2
11312,5.使用牌照稅,7130944609,86356340,10576325,7206724624,7300000000,98.7,7300000000,98.7,7320789237,-1.6
11312,6.契稅,2152421547,29986457,9372775,2173035229,1900000000,114.4,1900000000,114.4,1631348966,33.2
11312,7.印花稅,7014872217,214581482,4222885,7225230814,5300000000,136.3,5300000000,136.3,6662086191,8.5
11312,8.娛樂稅,283645383,4289461,94737,287840107,180000000,159.9,180000000,159.9,184000876,56.4
11312,9.特別及臨時稅課,0,0,0,0,0,-- ,0,-- ,0,-- 
11312,(1)特別稅,0,0,0,0,0,-- ,0,-- ,0,-- 
11312,營建剩餘土石方,0,0,0,0,0,-- ,0,-- ,0,-- 
11312,土石採取,0,0,0,0,0,-- ,0,-- ,0,-- 
11312,礦石開採,0,0,0,0,0,-- ,0,-- ,0,-- 
11312,(2)臨時稅,0,0,0,0,0,-- ,0,-- ,0,-- 
11312,營建剩餘土石方,0,0,0,0,0,-- ,0,-- ,0,-- 
11312,土石採取 ,0,0,0,0,0,-- ,0,-- ,0,-- 
11312,10.教育捐,0,0,0,0,0,-- ,0,-- ,-330,-- 
11312,(1)房屋稅附徵,0,0,0,0,0,-- ,0,-- ,-330,-- 
11312,(2)娛樂稅附徵,0,0,0,0,0,-- ,0,-- ,0,-- 
11312,(3)契稅附徵,0,0,0,0,0,-- ,0,-- ,0,-- 
11312,二、罰鍰  ,31683402,50478842,15682967,66479277,82800000,80.3,82800000,80.3,67243827,-1.1
11312,1.財務罰鍰,13140692,14251974,69260,27323406,34000000,80.4,34000000,80.4,31895235,-14.3
11312,2.罰金罰鍰,18542710,36226868,15613707,39155871,48800000,80.2,48800000,80.2,35348592,10.8
11401,一、稅捐收入,2377365572,396442982,52189288,2721619266,78205000000,3.5,2891295000,94.1,3267542408,-16.7
11401,1.地價稅,1008383,157741340,29141579,129608144,28800000000,0.5,126720000,102.3,122136070,6.1
11401,2.田賦,0,0,0,0,0,-- ,0,-- ,0,-- 
11401,3.土地增值稅,1158538716,141078152,17058836,1282558032,16800000000,7.6,1592640000,80.5,1697165905,-24.4
11401,4.房屋稅,1649096,18793223,1833764,18608555,17565000000,0.1,45669000,40.7,46922267,-60.3
11401,5.使用牌照稅,75822671,15268546,2850474,88240743,7200000000,1.2,102960000,85.7,110083701,-19.8
11401,6.契稅,107872720,12608913,303209,120178424,1800000000,6.7,179866000,66.8,244716528,-50.9
11401,7.印花稅,999858266,49776010,987884,1048646392,5800000000,18.1,822440000,127.5,1025160794,2.3
11401,8.娛樂稅,32615720,1176798,13542,33778976,240000000,14.1,21000000,160.9,21357143,58.2
11401,9.特別及臨時稅課,0,0,0,0,0,-- ,0,-- ,0,-- 
11401,(1)特別稅,0,0,0,0,0,-- ,0,-- ,0,-- 
11401,營建剩餘土石方,0,0,0,0,0,-- ,0,-- ,0,-- 
11401,土石採取,0,0,0,0,0,-- ,0,-- ,0,-- 
11401,礦石開採,0,0,0,0,0,-- ,0,-- ,0,-- 
11401,(2)臨時稅,0,0,0,0,0,-- ,0,-- ,0,-- 
11401,營建剩餘土石方,0,0,0,0,0,-- ,0,-- ,0,-- 
11401,土石採取 ,0,0,0,0,0,-- ,0,-- ,0,-- 
11401,10.教育捐,0,0,0,0,0,-- ,0,-- ,0,-- 
11401,(1)房屋稅附徵,0,0,0,0,0,-- ,0,-- ,0,-- 
11401,(2)娛樂稅附徵,0,0,0,0,0,-- ,0,-- ,0,-- 
11401,(3)契稅附徵,0,0,0,0,0,-- ,0,-- ,0,-- 
11401,二、罰鍰  ,596081,6045937,492562,6149456,81542000,7.5,5362000,114.7,7615206,-19.2
11401,1.財務罰鍰,591768,1274388,13528,1852628,32000000,5.8,1920000,96.5,2894445,-36.0
11401,2.罰金罰鍰,4313,4771549,479034,4296828,49542000,8.7,3442000,124.8,4720761,-9.0
11402,一、稅捐收入,4205279905,528185498,163329125,4570136278,78205000000,5.8,4494107000,101.7,4754634053,-3.9
11402,1.地價稅,10464859,221467731,99692403,132240187,28800000000,0.5,187200000,70.6,181750284,-27.2
11402,2.田賦,0,0,0,0,0,-- ,0,-- ,0,-- 
11402,3.土地增值稅,2524111304,151568629,34641445,2641038488,16800000000,15.7,2768640000,95.4,2742333521,-3.7
11402,4.房屋稅,4030602,51905779,20078311,35858070,17565000000,0.2,84312000,42.5,86259605,-58.4
11402,5.使用牌照稅,146526315,30725746,3513469,173738592,7200000000,2.4,184320000,94.3,190132865,-8.6
11402,6.契稅,299663626,12764313,4154325,308273614,1800000000,17.1,305907000,100.8,345779405,-10.8
11402,7.印花稅,1164183061,58120618,1227590,1221076089,5800000000,21.1,926840000,131.7,1172251070,4.2
11402,8.娛樂稅,56300138,1632682,21582,57911238,240000000,24.1,36888000,157.0,36127303,60.3
11402,9.特別及臨時稅課,0,0,0,0,0,-- ,0,-- ,0,-- 
11402,(1)特別稅,0,0,0,0,0,-- ,0,-- ,0,-- 
11402,營建剩餘土石方,0,0,0,0,0,-- ,0,-- ,0,-- 
11402,土石採取,0,0,0,0,0,-- ,0,-- ,0,-- 
11402,礦石開採,0,0,0,0,0,-- ,0,-- ,0,-- 
11402,(2)臨時稅,0,0,0,0,0,-- ,0,-- ,0,-- 
11402,營建剩餘土石方,0,0,0,0,0,-- ,0,-- ,0,-- 
11402,土石採取 ,0,0,0,0,0,-- ,0,-- ,0,-- 
11402,10.教育捐,0,0,0,0,0,-- ,0,-- ,0,-- 
11402,(1)房屋稅附徵,0,0,0,0,0,-- ,0,-- ,0,-- 
11402,(2)娛樂稅附徵,0,0,0,0,0,-- ,0,-- ,0,-- 
11402,(3)契稅附徵,0,0,0,0,0,-- ,0,-- ,0,-- 
11402,二、罰鍰  ,1399963,11594402,2905529,10088836,81542000,12.4,10974000,91.9,12212389,-17.4
11402,1.財務罰鍰,1274699,2980187,14374,4240512,32000000,13.3,4160000,101.9,4935800,-14.1
11402,2.罰金罰鍰,125264,8614215,2891155,5848324,49542000,11.8,6814000,85.8,7276589,-19.6
11403,一、稅捐收入,7016189256,642540326,185482419,7473247163,78205000000,9.6,7654447000,97.6,8098418195,-7.7
11403,1.地價稅,34600985,283784307,106576743,211808549,28800000000,0.7,244800000,86.5,238483354,-11.2
11403,2.田賦,0,0,0,0,0,-- ,0,-- ,0,-- 
11403,3.土地增值稅,3709245250,164351929,47919220,3825677959,16800000000,22.8,4404960000,86.8,4386570805,-12.8
11403,4.房屋稅,7536965,63655385,21564574,49627776,17565000000,0.3,129981000,38.2,133954095,-63.0
11403,5.使用牌照稅,482773774,44778916,3969940,523582750,7200000000,7.3,653040000,80.2,624270405,-16.1
11403,6.契稅,458259505,12773079,4186073,466846511,1800000000,25.9,459750000,101.5,488819173,-4.5
11403,7.印花稅,2244514955,71132999,1244167,2314403787,5800000000,39.9,1705780000,135.7,2172316549,6.5
11403,8.娛樂稅,79257822,2063711,21702,81299831,240000000,33.9,56136000,144.8,54003814,50.5
11403,9.特別及臨時稅課,0,0,0,0,0,-- ,0,-- ,0,-- 
11403,(1)特別稅,0,0,0,0,0,-- ,0,-- ,0,-- 
11403,營建剩餘土石方,0,0,0,0,0,-- ,0,-- ,0,-- 
11403,土石採取,0,0,0,0,0,-- ,0,-- ,0,-- 
11403,礦石開採,0,0,0,0,0,-- ,0,-- ,0,-- 
11403,(2)臨時稅,0,0,0,0,0,-- ,0,-- ,0,-- 
11403,營建剩餘土石方,0,0,0,0,0,-- ,0,-- ,0,-- 
11403,土石採取 ,0,0,0,0,0,-- ,0,-- ,0,-- 
11403,10.教育捐,0,0,0,0,0,-- ,0,-- ,0,-- 
11403,(1)房屋稅附徵,0,0,0,0,0,-- ,0,-- ,0,-- 
11403,(2)娛樂稅附徵,0,0,0,0,0,-- ,0,-- ,0,-- 
11403,(3)契稅附徵,0,0,0,0,0,-- ,0,-- ,0,-- 
11403,二、罰鍰  ,2647101,16546967,3046815,16147253,81542000,19.8,16966000,95.2,8792168,83.7
11403,1.財務罰鍰,1982976,4379788,18911,6343853,32000000,19.8,7040000,90.1,7582702,-16.3
11403,2.罰金罰鍰,664125,12167179,3027904,9803400,49542000,19.8,9926000,98.8,1209466,710.6
11404,一、稅捐收入,11844841310,756098627,223269518,12377670419,78205000000,15.8,12779861000,96.9,13419934381,-7.8
11404,1.地價稅,40088114,363712819,114816271,288984662,28800000000,1.0,302914000,95.4,311787161,-7.3
11404,2.田賦,0,0,0,0,0,-- ,0,-- ,0,-- 
11404,3.土地增值稅,4761549039,170862838,53772167,4878639710,16800000000,29.0,5738880000,85.0,5799859306,-15.9
11404,4.房屋稅,379084024,74138168,42812081,410410111,17565000000,2.3,591941000,69.3,611667072,-32.9
11404,5.使用牌照稅,3571795985,56353382,5403931,3622745436,7200000000,50.3,3645655000,99.4,3686021950,-1.7
11404,6.契稅,571306747,12778122,5175161,578909708,1800000000,32.2,604528000,95.8,623724154,-7.2
11404,7.印花稅,2410421826,75925091,1257636,2485089281,5800000000,42.8,1821237000,136.5,2307758061,7.7
11404,8.娛樂稅,110595575,2328207,32271,112891511,240000000,47.0,74706000,151.1,79116677,42.7
11404,9.特別及臨時稅課,0,0,0,0,0,-- ,0,-- ,0,-- 
11404,(1)特別稅,0,0,0,0,0,-- ,0,-- ,0,-- 
11404,營建剩餘土石方,0,0,0,0,0,-- ,0,-- ,0,-- 
11404,土石採取,0,0,0,0,0,-- ,0,-- ,0,-- 
11404,礦石開採,0,0,0,0,0,-- ,0,-- ,0,-- 
11404,(2)臨時稅,0,0,0,0,0,-- ,0,-- ,0,-- 
11404,營建剩餘土石方,0,0,0,0,0,-- ,0,-- ,0,-- 
11404,土石採取 ,0,0,0,0,0,-- ,0,-- ,0,-- 
11404,10.教育捐,0,0,0,0,0,-- ,0,-- ,0,-- 
11404,(1)房屋稅附徵,0,0,0,0,0,-- ,0,-- ,0,-- 
11404,(2)娛樂稅附徵,0,0,0,0,0,-- ,0,-- ,0,-- 
11404,(3)契稅附徵,0,0,0,0,0,-- ,0,-- ,0,-- 
11404,二、罰鍰  ,3236512,20830449,3407416,20659545,81542000,25.3,22039000,93.7,13427060,53.9
11404,1.財務罰鍰,2478052,5730359,26768,8181643,32000000,25.6,9920000,82.5,10046001,-18.6
11404,2.罰金罰鍰,758460,15100090,3380648,12477902,49542000,25.2,12119000,103.0,3381059,269.1
11405,一、稅捐收入,26565775135,862047222,254118920,27173703437,78205000000,34.7,27780524000,97.8,28821195298,-5.7
11405,1.地價稅,47728762,419252938,135518735,331462965,28800000000,1.2,336449000,98.5,368013852,-9.9
11405,2.田賦,0,0,0,0,0,-- ,0,-- ,0,-- 
11405,3.土地增值稅,5687226639,196886342,59726234,5824386747,16800000000,34.7,7150080000,81.5,7072898917,-17.7
11405,4.房屋稅,10386453504,84026479,44240994,10426238989,17565000000,59.4,10588182000,98.5,10935628210,-4.7
11405,5.使用牌照稅,6046534531,65572533,7525638,6104581426,7200000000,84.8,6238251000,97.9,6269569213,-2.6
11405,6.契稅,723782138,12780093,5683190,730879041,1800000000,40.6,760883000,96.1,786927770,-7.1
11405,7.印花稅,3541523706,81039145,1389972,3621172879,5800000000,62.4,2611012000,138.7,3291911656,10.0
11405,8.娛樂稅,132525855,2489692,34157,134981390,240000000,56.2,95667000,141.1,96245680,40.2
11405,9.特別及臨時稅課,0,0,0,0,0,-- ,0,-- ,0,-- 
11405,(1)特別稅,0,0,0,0,0,-- ,0,-- ,0,-- 
11405,營建剩餘土石方,0,0,0,0,0,-- ,0,-- ,0,-- 
11405,土石採取,0,0,0,0,0,-- ,0,-- ,0,-- 
11405,礦石開採,0,0,0,0,0,-- ,0,-- ,0,-- 
11405,(2)臨時稅,0,0,0,0,0,-- ,0,-- ,0,-- 
11405,營建剩餘土石方,0,0,0,0,0,-- ,0,-- ,0,-- 
11405,土石採取 ,0,0,0,0,0,-- ,0,-- ,0,-- 
11405,10.教育捐,0,0,0,0,0,-- ,0,-- ,0,-- 
11405,(1)房屋稅附徵,0,0,0,0,0,-- ,0,-- ,0,-- 
11405,(2)娛樂稅附徵,0,0,0,0,0,-- ,0,-- ,0,-- 
11405,(3)契稅附徵,0,0,0,0,0,-- ,0,-- ,0,-- 
11405,二、罰鍰  ,6211910,24291146,4377152,26125904,81542000,32.0,28700000,91.0,19541597,33.7
11405,1.財務罰鍰,3602166,7114577,29590,10687153,32000000,33.4,12480000,85.6,12349164,-13.5
11405,2.罰金罰鍰,2609744,17176569,4347562,15438751,49542000,31.2,16220000,95.2,7192433,114.7
11406,一、稅捐收入,36227094574,950244445,280048286,36897290733,78205000000,47.2,36217500000,101.9,37146407519,-0.7
11406,1.地價稅,52725557,447468050,149895477,350298130,28800000000,1.2,352884000,99.3,396777476,-11.7
11406,2.田賦,0,0,0,0,0,-- ,0,-- ,0,-- 
11406,3.土地增值稅,6696038155,228156825,66760267,6857434713,16800000000,40.8,8579760000,79.9,8176635418,-16.1
11406,4.房屋稅,18399429248,92335529,47442945,18444321832,17565000000,105.0,16976573000,108.6,17534275651,5.2
11406,5.使用牌照稅,6319218898,73393349,7727431,6384884816,7200000000,88.7,6497511000,98.3,6508891581,-1.9
11406,6.契稅,917511150,12780093,5697853,924593390,1800000000,51.4,925379000,99.9,942024898,-1.9
11406,7.印花稅,3672958161,93394094,2490156,3763862099,5800000000,64.9,2771505000,135.8,3474766130,8.3
11406,8.娛樂稅,169213405,2716505,34157,171895753,240000000,71.6,113888000,150.9,113036365,52.1
11406,9.特別及臨時稅課,0,0,0,0,0,-- ,0,-- ,0,-- 
11406,(1)特別稅,0,0,0,0,0,-- ,0,-- ,0,-- 
11406,營建剩餘土石方,0,0,0,0,0,-- ,0,-- ,0,-- 
11406,土石採取,0,0,0,0,0,-- ,0,-- ,0,-- 
11406,礦石開採,0,0,0,0,0,-- ,0,-- ,0,-- 
11406,(2)臨時稅,0,0,0,0,0,-- ,0,-- ,0,-- 
11406,營建剩餘土石方,0,0,0,0,0,-- ,0,-- ,0,-- 
11406,土石採取 ,0,0,0,0,0,-- ,0,-- ,0,-- 
11406,10.教育捐,0,0,0,0,0,-- ,0,-- ,0,-- 
11406,(1)房屋稅附徵,0,0,0,0,0,-- ,0,-- ,0,-- 
11406,(2)娛樂稅附徵,0,0,0,0,0,-- ,0,-- ,0,-- 
11406,(3)契稅附徵,0,0,0,0,0,-- ,0,-- ,0,-- 
11406,二、罰鍰  ,13452611,28171674,4798781,36825504,81542000,45.2,37906000,97.1,27489520,34.0
11406,1.財務罰鍰,4513788,8413486,48449,12878825,32000000,40.2,14720000,87.5,14120571,-8.8
11406,2.罰金罰鍰,8938823,19758188,4750332,23946679,49542000,48.3,23186000,103.3,13368949,79.1
11407,一、稅捐收入,39150428578,1029051081,339996848,39839482811,78205000000,50.9,39191033000,101.7,40168490874,-0.8
11407,1.地價稅,60182237,481169183,197613275,343738145,28800000000,1.2,379271000,90.6,397433763,-13.5
11407,2.田賦,0,0,0,0,0,-- ,0,-- ,0,-- 
11407,3.土地增值稅,7781938981,234942846,75689125,7941192702,16800000000,47.3,10113600000,78.5,9537823772,-16.7
11407,4.房屋稅,18864606627,94925965,50569657,18908962935,17565000000,107.7,17238291000,109.7,17802592029,6.2
11407,5.使用牌照稅,6405917201,81570576,7868732,6479619045,7200000000,90.0,6591787000,98.3,6568788394,-1.4
11407,6.契稅,1114291037,12786273,5719926,1121357384,1800000000,62.3,1075695000,104.2,1119919258,0.1
11407,7.印花稅,4728518571,120822303,2498256,4846842618,5800000000,83.6,3658313000,132.5,4600345285,5.4
11407,8.娛樂稅,194973924,2833935,37877,197769982,240000000,82.4,134076000,147.5,141588373,39.7
11407,9.特別及臨時稅課,0,0,0,0,0,-- ,0,-- ,0,-- 
11407,(1)特別稅,0,0,0,0,0,-- ,0,-- ,0,-- 
11407,營建剩餘土石方,0,0,0,0,0,-- ,0,-- ,0,-- 
11407,土石採取,0,0,0,0,0,-- ,0,-- ,0,-- 
11407,礦石開採,0,0,0,0,0,-- ,0,-- ,0,-- 
11407,(2)臨時稅,0,0,0,0,0,-- ,0,-- ,0,-- 
11407,營建剩餘土石方,0,0,0,0,0,-- ,0,-- ,0,-- 
11407,土石採取 ,0,0,0,0,0,-- ,0,-- ,0,-- 
11407,10.教育捐,0,0,0,0,0,-- ,0,-- ,0,-- 
11407,(1)房屋稅附徵,0,0,0,0,0,-- ,0,-- ,0,-- 
11407,(2)娛樂稅附徵,0,0,0,0,0,-- ,0,-- ,0,-- 
11407,(3)契稅附徵,0,0,0,0,0,-- ,0,-- ,0,-- 
11407,二、罰鍰  ,18146485,33035406,5586662,45595229,81542000,55.9,46338000,98.4,33876615,34.6
11407,1.財務罰鍰,5897076,9851942,48449,15700569,32000000,49.1,17600000,89.2,16433272,-4.5
11407,2.罰金罰鍰,12249409,23183464,5538213,29894660,49542000,60.3,28738000,104.0,17443343,71.4
11408,一、稅捐收入,40545174116,1095866852,359852375,41281188593,78205000000,52.8,41233142000,100.1,42130152127,-2.0
11408,1.地價稅,80863597,504233393,208019955,377077035,28800000000,1.3,408381000,92.3,425313903,-11.3
11408,2.田賦,0,0,0,0,0,-- ,0,-- ,0,-- 
11408,3.土地增值稅,8627724731,246956403,81315512,8793365622,16800000000,52.3,11583600000,75.9,10874892016,-19.1
11408,4.房屋稅,18996291314,98216113,53001646,19041505781,17565000000,108.4,17315577000,110.0,17882710559,6.5
11408,5.使用牌照稅,6471886937,86637341,7987460,6550536818,7200000000,91.0,6679516000,98.1,6650393886,-1.5
11408,6.契稅,1247659598,12786273,5742531,1254703340,1800000000,69.7,1225502000,102.4,1284250411,-2.3
11408,7.印花稅,4875285877,143867695,3747198,5015406374,5800000000,86.5,3863433000,129.8,4843422962,3.6
11408,8.娛樂稅,245462062,3169634,38073,248593623,240000000,103.6,157133000,158.2,169168390,47.0
11408,9.特別及臨時稅課,0,0,0,0,0,-- ,0,-- ,0,-- 
11408,(1)特別稅,0,0,0,0,0,-- ,0,-- ,0,-- 
11408,營建剩餘土石方,0,0,0,0,0,-- ,0,-- ,0,-- 
11408,土石採取,0,0,0,0,0,-- ,0,-- ,0,-- 
11408,礦石開採,0,0,0,0,0,-- ,0,-- ,0,-- 
11408,(2)臨時稅,0,0,0,0,0,-- ,0,-- ,0,-- 
11408,營建剩餘土石方,0,0,0,0,0,-- ,0,-- ,0,-- 
11408,土石採取 ,0,0,0,0,0,-- ,0,-- ,0,-- 
11408,10.教育捐,0,0,0,0,0,-- ,0,-- ,0,-- 
11408,(1)房屋稅附徵,0,0,0,0,0,-- ,0,-- ,0,-- 
11408,(2)娛樂稅附徵,0,0,0,0,0,-- ,0,-- ,0,-- 
11408,(3)契稅附徵,0,0,0,0,0,-- ,0,-- ,0,-- 
11408,二、罰鍰  ,19850383,36225727,6192627,49883483,81542000,61.2,52498000,95.0,38565082,29.3
11408,1.財務罰鍰,6578125,10697349,48449,17227025,32000000,53.8,20160000,85.5,18347553,-6.1
11408,2.罰金罰鍰,13272258,25528378,6144178,32656458,49542000,65.9,32338000,101.0,20217529,61.5
11409,一、稅捐收入,42820515747,1154001765,372917569,43601599943,78205000000,55.8,43642705000,99.9,45240680804,-3.6
11409,1.地價稅,89312054,527913281,215001043,402224292,28800000000,1.4,435705000,92.3,444621100,-9.5
11409,2.田賦,0,0,0,0,0,-- ,0,-- ,0,-- 
11409,3.土地增值稅,9538130739,263494620,85093850,9716531509,16800000000,57.8,12830160000,75.7,12531759858,-22.5
11409,4.房屋稅,19060103940,100106281,54981119,19105229102,17565000000,108.8,17389350000,109.9,17959477818,6.4
11409,5.使用牌照稅,6515169438,90886554,8066481,6597989511,7200000000,91.6,6734510000,98.0,6725689603,-1.9
11409,6.契稅,1382107413,12789669,5878237,1389018845,1800000000,77.2,1371609000,101.3,1479845621,-6.1
11409,7.印花稅,5962558008,155497077,3857806,6114197279,5800000000,105.4,4703976000,130.0,5904537368,3.6
11409,8.娛樂稅,273134155,3314283,39033,276409405,240000000,115.2,177395000,155.8,194749436,41.9
11409,9.特別及臨時稅課,0,0,0,0,0,-- ,0,-- ,0,-- 
11409,(1)特別稅,0,0,0,0,0,-- ,0,-- ,0,-- 
11409,營建剩餘土石方,0,0,0,0,0,-- ,0,-- ,0,-- 
11409,土石採取,0,0,0,0,0,-- ,0,-- ,0,-- 
11409,礦石開採,0,0,0,0,0,-- ,0,-- ,0,-- 
11409,(2)臨時稅,0,0,0,0,0,-- ,0,-- ,0,-- 
11409,營建剩餘土石方,0,0,0,0,0,-- ,0,-- ,0,-- 
11409,土石採取 ,0,0,0,0,0,-- ,0,-- ,0,-- 
11409,10.教育捐,0,0,0,0,0,-- ,0,-- ,0,-- 
11409,(1)房屋稅附徵,0,0,0,0,0,-- ,0,-- ,0,-- 
11409,(2)娛樂稅附徵,0,0,0,0,0,-- ,0,-- ,0,-- 
11409,(3)契稅附徵,0,0,0,0,0,-- ,0,-- ,0,-- 
11409,二、罰鍰  ,21295750,39146827,6360602,54081975,81542000,66.3,57257000,94.5,42124997,28.4
11409,1.財務罰鍰,7497293,11663937,48449,19112781,32000000,59.7,22720000,84.1,20213303,-5.4
11409,2.罰金罰鍰,13798457,27482890,6312153,34969194,49542000,70.6,34537000,101.3,21911694,59.6
11410,一、稅捐收入,44873762402,1191773056,455296985,45610238473,78205000000,58.3,45899505000,99.4,47649382352,-4.3
11410,1.地價稅,612377529,550512055,289069689,873819895,28800000000,3.0,912471000,95.8,981267097,-10.9
11410,2.田賦,0,0,0,0,0,-- ,0,-- ,0,-- 
11410,3.土地增值稅,10626868152,270847441,90153900,10807561693,16800000000,64.3,14189280000,76.2,13944591278,-22.5
11410,4.房屋稅,19107441575,101167834,55767875,19152841534,17565000000,109.0,17433263000,109.9,18005324808,6.4
11410,5.使用牌照稅,6598018462,93766372,9993821,6681791013,7200000000,92.8,6815038000,98.0,6803446007,-1.8
11410,6.契稅,1544854730,12789669,5914721,1551729678,1800000000,86.2,1514484000,102.5,1647954857,-5.8
11410,7.印花稅,6085898857,159127256,4357946,6240668167,5800000000,107.6,4839905000,128.9,6055427327,3.1
11410,8.娛樂稅,298303097,3562429,39033,301826493,240000000,125.8,195064000,154.7,211370978,42.8
11410,9.特別及臨時稅課,0,0,0,0,0,-- ,0,-- ,0,-- 
11410,(1)特別稅,0,0,0,0,0,-- ,0,-- ,0,-- 
11410,營建剩餘土石方,0,0,0,0,0,-- ,0,-- ,0,-- 
11410,土石採取,0,0,0,0,0,-- ,0,-- ,0,-- 
11410,礦石開採,0,0,0,0,0,-- ,0,-- ,0,-- 
11410,(2)臨時稅,0,0,0,0,0,-- ,0,-- ,0,-- 
11410,營建剩餘土石方,0,0,0,0,0,-- ,0,-- ,0,-- 
11410,土石採取 ,0,0,0,0,0,-- ,0,-- ,0,-- 
11410,10.教育捐,0,0,0,0,0,-- ,0,-- ,0,-- 
11410,(1)房屋稅附徵,0,0,0,0,0,-- ,0,-- ,0,-- 
11410,(2)娛樂稅附徵,0,0,0,0,0,-- ,0,-- ,0,-- 
11410,(3)契稅附徵,0,0,0,0,0,-- ,0,-- ,0,-- 
11410,二、罰鍰  ,23563590,43081993,8977284,57668299,81542000,70.7,62469000,92.3,45923349,25.6
11410,1.財務罰鍰,8340339,14250735,48449,22542625,32000000,70.4,25600000,88.1,22154954,1.7
11410,2.罰金罰鍰,15223251,28831258,8928835,35125674,49542000,70.9,36869000,95.3,23768395,47.8
11411,一、稅捐收入,61292780800,1234735772,478318281,62049198291,78205000000,79.3,63713545000,97.4,65343433576,-5.0
11411,1.地價稅,14253754509,571856153,302925619,14522685043,28800000000,50.4,16156879000,89.9,16142134717,-10.0
11411,2.田賦,0,0,0,0,0,-- ,0,-- ,0,-- 
11411,3.土地增值稅,11701162053,283908182,95267099,11889803136,16800000000,70.8,15380400000,77.3,14914074357,-20.3
11411,4.房屋稅,19133302189,104436250,57942279,19179796160,17565000000,109.2,17503523000,109.6,18031530377,6.4
11411,5.使用牌照稅,6960634997,96838854,11818890,7045654961,7200000000,97.9,7171193000,98.2,7170779605,-1.7
11411,6.契稅,1812937552,12789669,5943029,1819784192,1800000000,101.1,1650204000,110.3,1807637396,0.7
11411,7.印花稅,7110327432,161302182,4362698,7267266916,5800000000,125.3,5637050000,128.9,7040551325,3.2
11411,8.娛樂稅,320662068,3604482,58667,324207883,240000000,135.1,214296000,151.3,236725799,37.0
11411,9.特別及臨時稅課,0,0,0,0,0,-- ,0,-- ,0,-- 
11411,(1)特別稅,0,0,0,0,0,-- ,0,-- ,0,-- 
11411,營建剩餘土石方,0,0,0,0,0,-- ,0,-- ,0,-- 
11411,土石採取,0,0,0,0,0,-- ,0,-- ,0,-- 
11411,礦石開採,0,0,0,0,0,-- ,0,-- ,0,-- 
11411,(2)臨時稅,0,0,0,0,0,-- ,0,-- ,0,-- 
11411,營建剩餘土石方,0,0,0,0,0,-- ,0,-- ,0,-- 
11411,土石採取 ,0,0,0,0,0,-- ,0,-- ,0,-- 
11411,10.教育捐,0,0,0,0,0,-- ,0,-- ,0,-- 
11411,(1)房屋稅附徵,0,0,0,0,0,-- ,0,-- ,0,-- 
11411,(2)娛樂稅附徵,0,0,0,0,0,-- ,0,-- ,0,-- 
11411,(3)契稅附徵,0,0,0,0,0,-- ,0,-- ,0,-- 
11411,二、罰鍰  ,26258788,45456232,9690104,62024916,81542000,76.1,68230000,90.9,55213612,12.3
11411,1.財務罰鍰,9346422,15111783,92417,24365788,32000000,76.1,28800000,84.6,24482413,-0.5
11411,2.罰金罰鍰,16912366,30344449,9597687,37659128,49542000,76.0,39430000,95.5,30731199,22.5
11412,一、稅捐收入,77009685521,1259180120,613638691,77655226950,78205000000,99.3,78205000000,99.3,80040980072,-3.0
11412,1.地價稅,28267737519,579839549,431645330,28415931738,28800000000,98.7,28800000000,98.7,29082719647,-2.3
11412,2.田賦,0,0,0,0,0,-- ,0,-- ,0,-- 
11412,3.土地增值稅,12865945033,290428826,97202459,13059171400,16800000000,77.7,16800000000,77.7,16006684154,-18.4
11412,4.房屋稅,19140146193,105418881,62425842,19183139232,17565000000,109.2,17565000000,109.2,18058745497,6.2
11412,5.使用牌照稅,6988683822,100004285,11996244,7076691863,7200000000,98.3,7200000000,98.3,7206724624,-1.8
11412,6.契稅,2053007226,12789669,5944371,2059852524,1800000000,114.4,1800000000,114.4,2173035229,-5.2
11412,7.印花稅,7297656940,167055226,4362698,7460349468,5800000000,128.6,5800000000,128.6,7225230814,3.3
11412,8.娛樂稅,396508788,3643684,61747,400090725,240000000,166.7,240000000,166.7,287840107,39.0
11412,9.特別及臨時稅課,0,0,0,0,0,-- ,0,-- ,0,-- 
11412,(1)特別稅,0,0,0,0,0,-- ,0,-- ,0,-- 
11412,營建剩餘土石方,0,0,0,0,0,-- ,0,-- ,0,-- 
11412,土石採取,0,0,0,0,0,-- ,0,-- ,0,-- 
11412,礦石開採,0,0,0,0,0,-- ,0,-- ,0,-- 
11412,(2)臨時稅,0,0,0,0,0,-- ,0,-- ,0,-- 
11412,營建剩餘土石方,0,0,0,0,0,-- ,0,-- ,0,-- 
11412,土石採取 ,0,0,0,0,0,-- ,0,-- ,0,-- 
11412,10.教育捐,0,0,0,0,0,-- ,0,-- ,0,-- 
11412,(1)房屋稅附徵,0,0,0,0,0,-- ,0,-- ,0,-- 
11412,(2)娛樂稅附徵,0,0,0,0,0,-- ,0,-- ,0,-- 
11412,(3)契稅附徵,0,0,0,0,0,-- ,0,-- ,0,-- 
11412,二、罰鍰  ,32387477,47614542,93590305,-13588286,81542000,-- ,81542000,-- ,66479277,-- 
11412,1.財務罰鍰,10301444,16079155,92417,26288182,32000000,82.2,32000000,82.2,27323406,-3.8
11412,2.罰金罰鍰,22086033,31535387,93497888,-39876468,49542000,-- ,49542000,-- ,39155871,-- 
11501,一、稅捐收入,2674423454,377645901,110350794,2941718561,80578000000,3.7,2801766000,105.0,2721619266,8.1
11501,1.地價稅,2190849,116159713,72894275,45456287,29290000000,0.2,61744000,73.6,129608144,-64.9
11501,2.田賦,0,0,0,0,0,-- ,0,-- ,0,-- 
11501,3.土地增值稅,1334190864,132904461,26580195,1440515130,16200000000,8.9,1472580000,97.8,1282558032,12.3
11501,4.房屋稅,2236303,14563745,7262637,9537411,18908000000,0.1,18908000,50.4,18608555,-48.7
11501,5.使用牌照稅,75888893,15402810,2403319,88888384,7100000000,1.3,93720000,94.8,88240743,0.7
11501,6.契稅,157339729,22123474,837847,178625356,1900000000,9.4,156320000,114.3,120178424,48.6
11501,7.印花稅,1079178740,75537557,342996,1154373301,6900000000,16.7,965310000,119.6,1048646392,10.1
11501,8.娛樂稅,23398076,954141,29525,24322692,280000000,8.7,33184000,73.3,33778976,-28.0
11501,9.特別及臨時稅課,0,0,0,0,0,-- ,0,-- ,0,-- 
11501,(1)特別稅,0,0,0,0,0,-- ,0,-- ,0,-- 
11501,營建剩餘土石方,0,0,0,0,0,-- ,0,-- ,0,-- 
11501,土石採取,0,0,0,0,0,-- ,0,-- ,0,-- 
11501,礦石開採,0,0,0,0,0,-- ,0,-- ,0,-- 
11501,(2)臨時稅,0,0,0,0,0,-- ,0,-- ,0,-- 
11501,營建剩餘土石方,0,0,0,0,0,-- ,0,-- ,0,-- 
11501,土石採取 ,0,0,0,0,0,-- ,0,-- ,0,-- 
11501,10.教育捐,0,0,0,0,0,-- ,0,-- ,0,-- 
11501,(1)房屋稅附徵,0,0,0,0,0,-- ,0,-- ,0,-- 
11501,(2)娛樂稅附徵,0,0,0,0,0,-- ,0,-- ,0,-- 
11501,(3)契稅附徵,0,0,0,0,0,-- ,0,-- ,0,-- 
11501,二、罰鍰  ,423389,6421293,1590529,5254153,73640000,7.1,4678000,112.3,6149456,-14.6
11501,1.財務罰鍰,352355,2241756,38864,2555247,25000000,10.2,1500000,170.3,1852628,37.9
11501,2.罰金罰鍰,71034,4179537,1551665,2698906,48640000,5.5,3178000,84.9,4296828,-37.2
11502,一、稅捐收入,3941276319,477367912,165118663,4253525568,80578000000,5.3,4477263000,95.0,4570136278,-6.9
11502,1.地價稅,7486551,164363923,96876011,74974463,29290000000,0.3,112584000,66.6,132240187,-43.3
11502,2.田賦,0,0,0,0,0,-- ,0,-- ,0,-- 
11502,3.土地增值稅,2283350693,148528877,53823677,2378055893,16200000000,14.7,2719980000,87.4,2641038488,-10.0
11502,4.房屋稅,6652459,32752493,10402848,29002104,18908000000,0.2,34034000,85.2,35858070,-19.1
11502,5.使用牌照稅,136915059,27817196,2649832,162082423,7100000000,2.3,178920000,90.6,173738592,-6.7
11502,6.契稅,273086511,22332646,985225,294433932,1900000000,15.5,280279000,105.1,308273614,-4.5
11502,7.印花稅,1155816466,78889792,351270,1234354988,6900000000,17.9,1101930000,112.0,1221076089,1.1
11502,8.娛樂稅,77968580,2682985,29800,80621765,280000000,28.8,49536000,162.8,57911238,39.2
11502,9.特別及臨時稅課,0,0,0,0,0,-- ,0,-- ,0,-- 
11502,(1)特別稅,0,0,0,0,0,-- ,0,-- ,0,-- 
11502,營建剩餘土石方,0,0,0,0,0,-- ,0,-- ,0,-- 
11502,土石採取,0,0,0,0,0,-- ,0,-- ,0,-- 
11502,礦石開採,0,0,0,0,0,-- ,0,-- ,0,-- 
11502,(2)臨時稅,0,0,0,0,0,-- ,0,-- ,0,-- 
11502,營建剩餘土石方,0,0,0,0,0,-- ,0,-- ,0,-- 
11502,土石採取 ,0,0,0,0,0,-- ,0,-- ,0,-- 
11502,10.教育捐,0,0,0,0,0,-- ,0,-- ,0,-- 
11502,(1)房屋稅附徵,0,0,0,0,0,-- ,0,-- ,0,-- 
11502,(2)娛樂稅附徵,0,0,0,0,0,-- ,0,-- ,0,-- 
11502,(3)契稅附徵,0,0,0,0,0,-- ,0,-- ,0,-- 
11502,二、罰鍰  ,1187844,9997023,2481030,8703837,73640000,11.8,9515000,91.5,10088836,-13.7
11502,1.財務罰鍰,1054132,3287767,394567,3947332,25000000,15.8,3250000,121.5,4240512,-6.9
11502,2.罰金罰鍰,133712,6709256,2086463,4756505,48640000,9.8,6265000,75.9,5848324,-18.7
11503,一、稅捐收入,7287719263,589071042,217087773,7659702532,80578000000,9.5,7503542000,102.1,7473247163,2.5
11503,1.地價稅,66827223,225147845,132802869,159172199,29290000000,0.5,156354000,101.8,211808549,-24.9
11503,2.田賦,0,0,0,0,0,-- ,0,-- ,0,-- 
11503,3.土地增值稅,3791097131,157154326,63447488,3884803969,16200000000,24.0,4160160000,93.4,3825677959,1.5
11503,4.房屋稅,13918264,52211708,16460692,49669280,18908000000,0.3,47270000,105.1,49627776,0.1
11503,5.使用牌照稅,526223708,43866166,2913113,567176761,7100000000,8.0,600660000,94.4,523582750,8.3
11503,6.契稅,523470205,22249916,1056135,544663986,1900000000,28.7,413960000,131.6,466846511,16.7
11503,7.印花稅,2261438383,85399261,376754,2346460890,6900000000,34.0,2058270000,114.0,2314403787,1.4
11503,8.娛樂稅,104744349,3041820,30722,107755447,280000000,38.5,66868000,161.1,81299831,32.5
11503,9.特別及臨時稅課,0,0,0,0,0,-- ,0,-- ,0,-- 
11503,(1)特別稅,0,0,0,0,0,-- ,0,-- ,0,-- 
11503,營建剩餘土石方,0,0,0,0,0,-- ,0,-- ,0,-- 
11503,土石採取,0,0,0,0,0,-- ,0,-- ,0,-- 
11503,礦石開採,0,0,0,0,0,-- ,0,-- ,0,-- 
11503,(2)臨時稅,0,0,0,0,0,-- ,0,-- ,0,-- 
11503,營建剩餘土石方,0,0,0,0,0,-- ,0,-- ,0,-- 
11503,土石採取 ,0,0,0,0,0,-- ,0,-- ,0,-- 
11503,10.教育捐,0,0,0,0,0,-- ,0,-- ,0,-- 
11503,(1)房屋稅附徵,0,0,0,0,0,-- ,0,-- ,0,-- 
11503,(2)娛樂稅附徵,0,0,0,0,0,-- ,0,-- ,0,-- 
11503,(3)契稅附徵,0,0,0,0,0,-- ,0,-- ,0,-- 
11503,二、罰鍰  ,2026694,15382387,4124865,13284216,73640000,18.0,14651000,90.7,16147253,-17.7
11503,1.財務罰鍰,1559896,4726767,472584,5814079,25000000,23.3,4875000,119.3,6343853,-8.4
11503,2.罰金罰鍰,466798,10655620,3652281,7470137,48640000,15.4,9776000,76.4,9803400,-23.8
11504,一、稅捐收入,12348514141,738535046,255772447,12831276740,80578000000,15.9,12477753000,102.8,12377670419,3.7
11504,1.地價稅,70981729,309165861,159011129,221136461,29290000000,0.8,218760000,101.1,288984662,-23.5
11504,2.田賦,0,0,0,0,0,-- ,0,-- ,0,-- 
11504,3.土地增值稅,5206428198,173677558,70859137,5309246619,16200000000,32.8,5448060000,97.5,4878639710,8.8
11504,4.房屋稅,276179121,73999399,20531713,329646807,18908000000,1.7,402740000,81.9,410410111,-19.7
11504,5.使用牌照稅,3518373484,55362550,3801738,3569934296,7100000000,50.3,3592956000,99.4,3622745436,-1.5
11504,6.契稅,728094928,26441274,1153335,753382867,1900000000,39.7,530264000,142.1,578909708,30.1
11504,7.印花稅,2388246254,96681893,380575,2484547572,6900000000,36.0,2196259000,113.1,2485089281,-0.0
11504,8.娛樂稅,160210427,3206511,34820,163382118,280000000,58.4,88714000,184.2,112891511,44.7
11504,9.特別及臨時稅課,0,0,0,0,0,-- ,0,-- ,0,-- 
11504,(1)特別稅,0,0,0,0,0,-- ,0,-- ,0,-- 
11504,營建剩餘土石方,0,0,0,0,0,-- ,0,-- ,0,-- 
11504,土石採取,0,0,0,0,0,-- ,0,-- ,0,-- 
11504,礦石開採,0,0,0,0,0,-- ,0,-- ,0,-- 
11504,(2)臨時稅,0,0,0,0,0,-- ,0,-- ,0,-- 
11504,營建剩餘土石方,0,0,0,0,0,-- ,0,-- ,0,-- 
11504,土石採取 ,0,0,0,0,0,-- ,0,-- ,0,-- 
11504,10.教育捐,0,0,0,0,0,-- ,0,-- ,0,-- 
11504,(1)房屋稅附徵,0,0,0,0,0,-- ,0,-- ,0,-- 
11504,(2)娛樂稅附徵,0,0,0,0,0,-- ,0,-- ,0,-- 
11504,(3)契稅附徵,0,0,0,0,0,-- ,0,-- ,0,-- 
11504,二、罰鍰  ,2927385,18550177,4955171,16522391,73640000,22.4,18904000,87.4,20659545,-20.0
11504,1.財務罰鍰,2117853,5513767,486648,7144972,25000000,28.6,6875000,103.9,8181643,-12.7
11504,2.罰金罰鍰,809532,13036410,4468523,9377419,48640000,19.3,12029000,78.0,12477902,-24.8
11505,一、稅捐收入,28197837523,841959152,286770450,28753026225,80578000000,35.7,27341416000,105.2,27173703437,5.8
11505,1.地價稅,78152399,353022076,170967339,260207136,29290000000,0.9,248914000,104.5,331462965,-21.5
11505,2.田賦,0,0,0,0,0,-- ,0,-- ,0,-- 
11505,3.土地增值稅,6473087093,180698706,83024606,6570761193,16200000000,40.6,6706800000,98.0,5824386747,12.8
11505,4.房屋稅,11095382449,87090373,25249230,11157223592,18908000000,59.0,10263262000,108.7,10426238989,7.0
11505,5.使用牌照稅,5910601014,64266822,5603087,5969264749,7100000000,84.1,6156296000,97.0,6104581426,-2.2
11505,6.契稅,898179745,26475500,1442856,923212389,1900000000,48.6,672516000,137.3,730879041,26.3
11505,7.印花稅,3544097927,127060416,442032,3670716311,6900000000,53.2,3189782000,115.1,3621172879,1.4
11505,8.娛樂稅,198336896,3345259,41300,201640855,280000000,72.0,103846000,194.2,134981390,49.4
11505,9.特別及臨時稅課,0,0,0,0,0,-- ,0,-- ,0,-- 
11505,(1)特別稅,0,0,0,0,0,-- ,0,-- ,0,-- 
11505,營建剩餘土石方,0,0,0,0,0,-- ,0,-- ,0,-- 
11505,土石採取,0,0,0,0,0,-- ,0,-- ,0,-- 
11505,礦石開採,0,0,0,0,0,-- ,0,-- ,0,-- 
11505,(2)臨時稅,0,0,0,0,0,-- ,0,-- ,0,-- 
11505,營建剩餘土石方,0,0,0,0,0,-- ,0,-- ,0,-- 
11505,土石採取 ,0,0,0,0,0,-- ,0,-- ,0,-- 
11505,10.教育捐,0,0,0,0,0,-- ,0,-- ,0,-- 
11505,(1)房屋稅附徵,0,0,0,0,0,-- ,0,-- ,0,-- 
11505,(2)娛樂稅附徵,0,0,0,0,0,-- ,0,-- ,0,-- 
11505,(3)契稅附徵,0,0,0,0,0,-- ,0,-- ,0,-- 
11505,二、罰鍰  ,5703536,22705855,5542857,22866534,73640000,31.1,25086000,91.2,26125904,-12.5
11505,1.財務罰鍰,2742199,6618037,486648,8873588,25000000,35.5,9000000,98.6,10687153,-17.0
11505,2.罰金罰鍰,2961337,16087818,5056209,13992946,48640000,28.8,16086000,87.0,15438751,-9.4
11506,一、稅捐收入,38046528403,918259310,309538885,38655248828,80578000000,48.0,37212014000,103.9,36897290733,4.8
11506,1.地價稅,86988821,379296321,184783028,281502114,29290000000,1.0,260599000,108.0,350298130,-19.6
11506,2.田賦,0,0,0,0,0,-- ,0,-- ,0,-- 
11506,3.土地增值稅,7685518377,182690572,86690575,7781518374,16200000000,48.0,8054640000,96.6,6857434713,13.5
11506,4.房屋稅,19024543599,104353917,30380160,19098517356,18908000000,101.0,18157352000,105.2,18444321832,3.5
11506,5.使用牌照稅,6184808899,72497766,5736574,6251570091,7100000000,88.1,6407820000,97.6,6384884816,-2.1
11506,6.契稅,1082264110,26475500,1465216,1107274394,1900000000,58.3,847314000,130.7,924593390,19.8
11506,7.印花稅,3747129869,149483912,442032,3896171749,6900000000,56.5,3359727000,116.0,3763862099,3.5
11506,8.娛樂稅,235274728,3461322,41300,238694750,280000000,85.2,124562000,191.6,171895753,38.9
11506,9.特別及臨時稅課,0,0,0,0,0,-- ,0,-- ,0,-- 
11506,(1)特別稅,0,0,0,0,0,-- ,0,-- ,0,-- 
11506,營建剩餘土石方,0,0,0,0,0,-- ,0,-- ,0,-- 
11506,土石採取,0,0,0,0,0,-- ,0,-- ,0,-- 
11506,礦石開採,0,0,0,0,0,-- ,0,-- ,0,-- 
11506,(2)臨時稅,0,0,0,0,0,-- ,0,-- ,0,-- 
11506,營建剩餘土石方,0,0,0,0,0,-- ,0,-- ,0,-- 
11506,土石採取 ,0,0,0,0,0,-- ,0,-- ,0,-- 
11506,10.教育捐,0,0,0,0,0,-- ,0,-- ,0,-- 
11506,(1)房屋稅附徵,0,0,0,0,0,-- ,0,-- ,0,-- 
11506,(2)娛樂稅附徵,0,0,0,0,0,-- ,0,-- ,0,-- 
11506,(3)契稅附徵,0,0,0,0,0,-- ,0,-- ,0,-- 
11506,二、罰鍰  ,13153798,26603766,9504252,30253312,73640000,41.1,33769000,89.6,36825504,-17.8
11506,1.財務罰鍰,3335742,7526151,486648,10375245,25000000,41.5,11000000,94.3,12878825,-19.4
11506,2.罰金罰鍰,9818056,19077615,9017604,19878067,48640000,40.9,22769000,87.3,23946679,-17.0
